instances,0
AlmostStrong001,Combo
AlmostStrong002,Combo
AlmostStrong003,Combo
AlmostStrong004,Minknap
AlmostStrong005,Minknap
AlmostStrong006,Minknap
AlmostStrong007,Combo
AlmostStrong008,Expknap
AlmostStrong009,Combo
AlmostStrong010,Combo
AlmostStrong011,Combo
AlmostStrong012,Combo
AlmostStrong013,Combo
AlmostStrong014,Minknap
AlmostStrong015,Combo
AlmostStrong016,Combo
AlmostStrong017,Combo
AlmostStrong018,Combo
AlmostStrong019,Combo
AlmostStrong020,Combo
AlmostStrong021,Expknap
AlmostStrong022,Minknap
AlmostStrong023,Minknap
AlmostStrong024,Combo
AlmostStrong025,Expknap
AlmostStrong026,Combo
AlmostStrong027,Combo
AlmostStrong028,Combo
AlmostStrong029,Combo
AlmostStrong030,Combo
AlmostStrong031,Minknap
AlmostStrong032,Expknap
AlmostStrong033,Combo
AlmostStrong034,Combo
AlmostStrong035,Minknap
AlmostStrong036,Combo
AlmostStrong037,Combo
AlmostStrong038,Combo
AlmostStrong039,Combo
AlmostStrong040,Combo
AlmostStrong041,Combo
AlmostStrong042,Combo
AlmostStrong043,Combo
AlmostStrong044,Combo
AlmostStrong045,Combo
AlmostStrong046,Minknap
AlmostStrong047,Minknap
AlmostStrong048,Combo
AlmostStrong049,Minknap
AlmostStrong050,Minknap
AlmostStrong051,Minknap
AlmostStrong052,Combo
AlmostStrong053,Minknap
AlmostStrong054,Minknap
AlmostStrong055,Minknap
AlmostStrong056,Combo
AlmostStrong057,Minknap
AlmostStrong058,Combo
AlmostStrong059,Combo
AlmostStrong060,Combo
AlmostStrong061,Combo
AlmostStrong062,Combo
AlmostStrong063,Minknap
AlmostStrong064,Minknap
AlmostStrong065,Minknap
AlmostStrong066,Minknap
AlmostStrong067,Minknap
AlmostStrong068,Minknap
AlmostStrong069,Combo
AlmostStrong070,Combo
AlmostStrong071,Combo
AlmostStrong072,Combo
AlmostStrong073,Combo
AlmostStrong074,Combo
AlmostStrong075,Minknap
AlmostStrong076,Minknap
AlmostStrong077,Combo
AlmostStrong078,Combo
AlmostStrong079,Combo
AlmostStrong080,Minknap
AlmostStrong081,Combo
AlmostStrong082,Minknap
AlmostStrong083,Expknap
AlmostStrong084,Combo
AlmostStrong085,Combo
AlmostStrong086,Combo
AlmostStrong087,Minknap
AlmostStrong088,Minknap
AlmostStrong089,Combo
AlmostStrong090,Combo
AlmostStrong091,Minknap
AlmostStrong092,Combo
AlmostStrong093,Combo
AlmostStrong094,Combo
AlmostStrong095,Minknap
AlmostStrong096,Minknap
AlmostStrong097,Combo
AlmostStrong098,Minknap
AlmostStrong099,Minknap
AlmostStrong100,Combo
AlmostStrong101,Combo
AlmostStrong102,Combo
AlmostStrong103,Combo
AlmostStrong104,Combo
AlmostStrong105,Combo
AlmostStrong106,Minknap
AlmostStrong107,Combo
AlmostStrong108,Minknap
AlmostStrong109,Combo
AlmostStrong110,Combo
AlmostStrong111,Minknap
AlmostStrong112,Combo
AlmostStrong113,Combo
AlmostStrong114,Combo
AlmostStrong115,Expknap
AlmostStrong116,Combo
AlmostStrong117,Combo
AlmostStrong118,Combo
AlmostStrong119,Combo
AlmostStrong120,Minknap
AlmostStrong121,Minknap
AlmostStrong122,Combo
AlmostStrong123,Minknap
AlmostStrong124,Minknap
AlmostStrong125,Minknap
AlmostStrong126,Minknap
AlmostStrong127,Combo
AlmostStrong128,Combo
AlmostStrong129,Combo
AlmostStrong130,Combo
AlmostStrong131,Combo
AlmostStrong132,Expknap
AlmostStrong133,Combo
AlmostStrong134,Combo
AlmostStrong135,Combo
AlmostStrong136,Minknap
AlmostStrong137,Combo
AlmostStrong138,Combo
AlmostStrong139,Minknap
AlmostStrong140,Combo
AlmostStrong141,Minknap
AlmostStrong142,Minknap
AlmostStrong143,Combo
AlmostStrong144,Minknap
AlmostStrong145,Minknap
AlmostStrong146,Minknap
AlmostStrong147,Minknap
AlmostStrong148,Combo
AlmostStrong149,Minknap
AlmostStrong150,Combo
AlmostStrong151,Minknap
AlmostStrong152,Minknap
AlmostStrong153,Minknap
AlmostStrong154,Combo
AlmostStrong155,Combo
AlmostStrong156,Combo
AlmostStrong157,Combo
AlmostStrong158,Minknap
AlmostStrong159,Minknap
AlmostStrong160,Minknap
AlmostStrong161,Combo
AlmostStrong162,Combo
AlmostStrong163,Combo
AlmostStrong164,Minknap
AlmostStrong165,Minknap
AlmostStrong166,Minknap
AlmostStrong167,Minknap
AlmostStrong168,Minknap
AlmostStrong169,Combo
AlmostStrong170,Combo
AlmostStrong171,Combo
AlmostStrong172,Combo
AlmostStrong173,Combo
AlmostStrong174,Combo
AlmostStrong175,Minknap
AlmostStrong176,Minknap
AlmostStrong177,Minknap
AlmostStrong178,Combo
AlmostStrong179,Minknap
AlmostStrong180,Minknap
AlmostStrong181,Minknap
AlmostStrong182,Combo
AlmostStrong183,Combo
AlmostStrong184,Minknap
AlmostStrong185,Minknap
AlmostStrong186,Minknap
AlmostStrong187,Combo
AlmostStrong188,Expknap
AlmostStrong189,Combo
AlmostStrong190,Combo
AlmostStrong191,Combo
AlmostStrong192,Minknap
AlmostStrong193,Minknap
AlmostStrong194,Minknap
AlmostStrong195,Combo
AlmostStrong196,Combo
AlmostStrong197,Combo
AlmostStrong198,Combo
AlmostStrong199,Combo
AlmostStrong200,Combo
Circle001,Expknap
Circle002,Combo
Circle003,Combo
Circle004,Combo
Circle005,Combo
Circle006,Combo
Circle007,Combo
Circle008,Combo
Circle009,Combo
Circle010,Combo
Circle011,Combo
Circle012,Combo
Circle013,Combo
Circle014,Combo
Circle015,Combo
Circle016,Combo
Circle017,Combo
Circle018,Combo
Circle019,Combo
Circle020,Combo
Circle021,Combo
Circle022,Combo
Circle023,Combo
Circle024,Combo
Circle025,Combo
Circle026,Combo
Circle027,Combo
Circle028,Combo
Circle029,Combo
Circle030,Minknap
Circle031,Minknap
Circle032,Minknap
Circle033,Combo
Circle034,Combo
Circle035,Combo
Circle036,Combo
Circle037,Combo
Circle038,Combo
Circle039,Combo
Circle040,Combo
Circle041,Combo
Circle042,Combo
Circle043,Combo
Circle044,Combo
Circle045,Combo
Circle046,Combo
Circle047,Combo
Circle048,Combo
Circle049,Combo
Circle050,Combo
Circle051,Combo
Circle052,Combo
Circle053,Minknap
Circle054,Combo
Circle055,Combo
Circle056,Combo
Circle057,Combo
Circle058,Combo
Circle059,Combo
Circle060,Combo
Circle061,Combo
Circle062,Combo
Circle063,Combo
Circle064,Combo
Circle065,Combo
Circle066,Combo
Circle067,Minknap
Circle068,Minknap
Circle069,Combo
Circle070,Combo
Circle071,Combo
Circle072,Combo
Circle073,Combo
Circle074,Minknap
Circle075,Combo
Circle076,Minknap
Circle077,Combo
Circle078,Combo
Circle079,Combo
Circle080,Combo
Circle081,Combo
Circle082,Combo
Circle083,Minknap
Circle084,Combo
Circle085,Combo
Circle086,Combo
Circle087,Combo
Circle088,Combo
Circle089,Combo
Circle090,Combo
Circle091,Combo
Circle092,Combo
Circle093,Combo
Circle094,Combo
Circle095,Combo
Circle096,Minknap
Circle097,Combo
Circle098,Combo
Circle099,Combo
Circle100,Combo
Circle101,Combo
Circle102,Combo
Circle103,Combo
Circle104,Combo
Circle105,Minknap
Circle106,Combo
Circle107,Combo
Circle108,Combo
Circle109,Combo
Circle110,Combo
Circle111,Combo
Circle112,Combo
Circle113,Combo
Circle114,Combo
Circle115,Minknap
Circle116,Combo
Circle117,Combo
Circle118,Expknap
Circle119,Combo
Circle120,Combo
Circle121,Combo
Circle122,Minknap
Circle123,Combo
Circle124,Combo
Circle125,Combo
Circle126,Combo
Circle127,Minknap
Circle128,Combo
Circle129,Combo
Circle130,Combo
Circle131,Combo
Circle132,Minknap
Circle133,Minknap
Circle134,Minknap
Circle135,Combo
Circle136,Combo
Circle137,Combo
Circle138,Minknap
Circle139,Combo
Circle140,Minknap
Circle141,Combo
Circle142,Combo
Circle143,Combo
Circle144,Combo
Circle145,Combo
Circle146,Combo
Circle147,Combo
Circle148,Combo
Circle149,Combo
Circle150,Combo
Circle151,Combo
Circle152,Combo
Circle153,Combo
Circle154,Combo
Circle155,Combo
Circle156,Combo
Circle157,Minknap
Circle158,Combo
Circle159,Minknap
Circle160,Combo
Circle161,Combo
Circle162,Combo
Circle163,Combo
Circle164,Combo
Circle165,Combo
Circle166,Combo
Circle167,Combo
Circle168,Minknap
Circle169,Minknap
Circle170,Combo
Circle171,Combo
Circle172,Combo
Circle173,Minknap
Circle174,Combo
Circle175,Combo
Circle176,Combo
Circle177,Minknap
Circle178,Combo
Circle179,Minknap
Circle180,Minknap
Circle181,Combo
Circle182,Combo
Circle183,Combo
Circle184,Minknap
Circle185,Minknap
Circle186,Combo
Circle187,Combo
Circle188,Combo
Circle189,Combo
Circle190,Combo
Circle191,Combo
Circle192,Combo
Circle193,Combo
Circle194,Combo
Circle195,Combo
Circle196,Combo
Circle197,Combo
Circle198,Combo
Circle199,Combo
Circle200,Combo
CubeFit001,Combo
CubeFit002,Minknap
CubeFit003,Combo
CubeFit004,Combo
CubeFit005,Combo
CubeFit006,Combo
CubeFit007,Combo
CubeFit008,Combo
CubeFit009,Combo
CubeFit010,Combo
CubeFit011,Combo
CubeFit012,Combo
CubeFit013,Combo
CubeFit014,Combo
CubeFit015,Combo
CubeFit016,Minknap
CubeFit017,Combo
CubeFit018,Combo
CubeFit019,Combo
CubeFit020,Combo
CubeFit021,Combo
CubeFit022,Combo
CubeFit023,Combo
CubeFit024,Combo
CubeFit025,Combo
CubeFit026,Combo
CubeFit027,Combo
CubeFit028,Combo
CubeFit029,Combo
CubeFit030,Combo
CubeFit031,Expknap
CubeFit032,Combo
CubeFit033,Minknap
CubeFit034,Minknap
CubeFit035,Minknap
CubeFit036,Combo
CubeFit037,Combo
CubeFit038,Combo
CubeFit039,Combo
CubeFit040,Combo
CubeFit041,Combo
CubeFit042,Combo
CubeFit043,Expknap
CubeFit044,Combo
CubeFit045,Combo
CubeFit046,Combo
CubeFit047,Expknap
CubeFit048,Combo
CubeFit049,Minknap
CubeFit050,Combo
CubeFit051,Combo
CubeFit052,Combo
CubeFit053,Combo
CubeFit054,Combo
CubeFit055,Combo
CubeFit056,Combo
CubeFit057,Combo
CubeFit058,Combo
CubeFit059,Combo
CubeFit060,Combo
CubeFit061,Combo
CubeFit062,Combo
CubeFit063,Combo
CubeFit064,Combo
CubeFit065,Combo
CubeFit066,Combo
CubeFit067,Combo
CubeFit068,Combo
CubeFit069,Combo
CubeFit070,Combo
CubeFit071,Combo
CubeFit072,Combo
CubeFit073,Combo
CubeFit074,Minknap
CubeFit075,Minknap
CubeFit076,Minknap
CubeFit077,Minknap
CubeFit078,Minknap
CubeFit079,Minknap
CubeFit080,Combo
CubeFit081,Combo
CubeFit082,Combo
CubeFit083,Combo
CubeFit084,Combo
CubeFit085,Combo
CubeFit086,Combo
CubeFit087,Combo
CubeFit088,Minknap
CubeFit089,Combo
CubeFit090,Combo
CubeFit091,Minknap
CubeFit092,Combo
CubeFit093,Combo
CubeFit094,Combo
CubeFit095,Combo
CubeFit096,Combo
CubeFit097,Combo
CubeFit098,Combo
CubeFit099,Combo
CubeFit100,Combo
CubeFit101,Combo
CubeFit102,Combo
CubeFit103,Combo
CubeFit104,Combo
CubeFit105,Combo
CubeFit106,Combo
CubeFit107,Combo
CubeFit108,Combo
CubeFit109,Minknap
CubeFit110,Combo
CubeFit111,Combo
CubeFit112,Combo
CubeFit113,Combo
CubeFit114,Combo
CubeFit115,Combo
CubeFit116,Combo
CubeFit117,Combo
CubeFit118,Minknap
CubeFit119,Combo
CubeFit120,Combo
CubeFit121,Minknap
CubeFit122,Minknap
CubeFit123,Combo
CubeFit124,Minknap
CubeFit125,Minknap
CubeFit126,Combo
CubeFit127,Combo
CubeFit128,Combo
CubeFit129,Combo
CubeFit130,Combo
CubeFit131,Expknap
CubeFit132,Combo
CubeFit133,Combo
CubeFit134,Minknap
CubeFit135,Combo
CubeFit136,Combo
CubeFit137,Combo
CubeFit138,Combo
CubeFit139,Combo
CubeFit140,Combo
CubeFit141,Combo
CubeFit142,Combo
CubeFit143,Combo
CubeFit144,Combo
CubeFit145,Minknap
CubeFit146,Combo
CubeFit147,Minknap
CubeFit148,Minknap
CubeFit149,Combo
CubeFit150,Combo
CubeFit151,Combo
CubeFit152,Combo
CubeFit153,Combo
CubeFit154,Combo
CubeFit155,Combo
CubeFit156,Combo
CubeFit157,Combo
CubeFit158,Combo
CubeFit159,Minknap
CubeFit160,Expknap
CubeFit161,Combo
CubeFit162,Combo
CubeFit163,Minknap
CubeFit164,Combo
CubeFit165,Combo
CubeFit166,Combo
CubeFit167,Combo
CubeFit168,Combo
CubeFit169,Combo
CubeFit170,Combo
CubeFit171,Combo
CubeFit172,Combo
CubeFit173,Combo
CubeFit174,Combo
CubeFit175,Minknap
CubeFit176,Combo
CubeFit177,Combo
CubeFit178,Minknap
CubeFit179,Minknap
CubeFit180,Combo
CubeFit181,Combo
CubeFit182,Combo
CubeFit183,Combo
CubeFit184,Combo
CubeFit185,Combo
CubeFit186,Minknap
CubeFit187,Combo
CubeFit188,Minknap
CubeFit189,Combo
CubeFit190,Minknap
CubeFit191,Combo
CubeFit192,Combo
CubeFit193,Combo
CubeFit194,Minknap
CubeFit195,Combo
CubeFit196,Combo
CubeFit197,Combo
CubeFit198,Combo
CubeFit199,Combo
CubeFit200,Combo
EvenOddStrong001,Combo
EvenOddStrong002,Expknap
EvenOddStrong003,Expknap
EvenOddStrong004,Combo
EvenOddStrong005,Combo
EvenOddStrong006,Combo
EvenOddStrong007,Combo
EvenOddStrong008,Combo
EvenOddStrong009,Minknap
EvenOddStrong010,Combo
EvenOddStrong011,Combo
EvenOddStrong012,Combo
EvenOddStrong013,Combo
EvenOddStrong014,Combo
EvenOddStrong015,Combo
EvenOddStrong016,Combo
EvenOddStrong017,Combo
EvenOddStrong018,Combo
EvenOddStrong019,Combo
EvenOddStrong020,Combo
EvenOddStrong021,Combo
EvenOddStrong022,Combo
EvenOddStrong023,Combo
EvenOddStrong024,Combo
EvenOddStrong025,Combo
EvenOddStrong026,Combo
EvenOddStrong027,Combo
EvenOddStrong028,Combo
EvenOddStrong029,Combo
EvenOddStrong030,Combo
EvenOddStrong031,Combo
EvenOddStrong032,Combo
EvenOddStrong033,Combo
EvenOddStrong034,Combo
EvenOddStrong035,Combo
EvenOddStrong036,Combo
EvenOddStrong037,Combo
EvenOddStrong038,Combo
EvenOddStrong039,Combo
EvenOddStrong040,Combo
EvenOddStrong041,Combo
EvenOddStrong042,Combo
EvenOddStrong043,Combo
EvenOddStrong044,Combo
EvenOddStrong045,Combo
EvenOddStrong046,Combo
EvenOddStrong047,Combo
EvenOddStrong048,Combo
EvenOddStrong049,Combo
EvenOddStrong050,Combo
EvenOddStrong051,Combo
EvenOddStrong052,Combo
EvenOddStrong053,Combo
EvenOddStrong054,Combo
EvenOddStrong055,Combo
EvenOddStrong056,Combo
EvenOddStrong057,Combo
EvenOddStrong058,Combo
EvenOddStrong059,Combo
EvenOddStrong060,Combo
EvenOddStrong061,Combo
EvenOddStrong062,Combo
EvenOddStrong063,Combo
EvenOddStrong064,Combo
EvenOddStrong065,Combo
EvenOddStrong066,Combo
EvenOddStrong067,Combo
EvenOddStrong068,Combo
EvenOddStrong069,Combo
EvenOddStrong070,Combo
EvenOddStrong071,Combo
EvenOddStrong072,Combo
EvenOddStrong073,Combo
EvenOddStrong074,Combo
EvenOddStrong075,Combo
EvenOddStrong076,Combo
EvenOddStrong077,Combo
EvenOddStrong078,Combo
EvenOddStrong079,Combo
EvenOddStrong080,Combo
EvenOddStrong081,Combo
EvenOddStrong082,Combo
EvenOddStrong083,Combo
EvenOddStrong084,Combo
EvenOddStrong085,Combo
EvenOddStrong086,Combo
EvenOddStrong087,Combo
EvenOddStrong088,Combo
EvenOddStrong089,Combo
EvenOddStrong090,Minknap
EvenOddStrong091,Combo
EvenOddStrong092,Combo
EvenOddStrong093,Combo
EvenOddStrong094,Combo
EvenOddStrong095,Combo
EvenOddStrong096,Combo
EvenOddStrong097,Combo
EvenOddStrong098,Combo
EvenOddStrong099,Combo
EvenOddStrong100,Combo
EvenOddStrong101,Combo
EvenOddStrong102,Combo
EvenOddStrong103,Combo
EvenOddStrong104,Combo
EvenOddStrong105,Combo
EvenOddStrong106,Combo
EvenOddStrong107,Combo
EvenOddStrong108,Combo
EvenOddStrong109,Combo
EvenOddStrong110,Combo
EvenOddStrong111,Combo
EvenOddStrong112,Combo
EvenOddStrong113,Combo
EvenOddStrong114,Combo
EvenOddStrong115,Combo
EvenOddStrong116,Combo
EvenOddStrong117,Combo
EvenOddStrong118,Combo
EvenOddStrong119,Combo
EvenOddStrong120,Combo
EvenOddStrong121,Combo
EvenOddStrong122,Combo
EvenOddStrong123,Combo
EvenOddStrong124,Combo
EvenOddStrong125,Combo
EvenOddStrong126,Combo
EvenOddStrong127,Combo
EvenOddStrong128,Combo
EvenOddStrong129,Combo
EvenOddStrong130,Combo
EvenOddStrong131,Combo
EvenOddStrong132,Combo
EvenOddStrong133,Combo
EvenOddStrong134,Combo
EvenOddStrong135,Combo
EvenOddStrong136,Combo
EvenOddStrong137,Combo
EvenOddStrong138,Combo
EvenOddStrong139,Combo
EvenOddStrong140,Combo
EvenOddStrong141,Combo
EvenOddStrong142,Combo
EvenOddStrong143,Combo
EvenOddStrong144,Combo
EvenOddStrong145,Combo
EvenOddStrong146,Combo
EvenOddStrong147,Combo
EvenOddStrong148,Combo
EvenOddStrong149,Combo
EvenOddStrong150,Combo
EvenOddStrong151,Combo
EvenOddStrong152,Combo
EvenOddStrong153,Combo
EvenOddStrong154,Combo
EvenOddStrong155,Combo
EvenOddStrong156,Combo
EvenOddStrong157,Combo
EvenOddStrong158,Combo
EvenOddStrong159,Combo
EvenOddStrong160,Combo
EvenOddStrong161,Combo
EvenOddStrong162,Combo
EvenOddStrong163,Combo
EvenOddStrong164,Combo
EvenOddStrong165,Combo
EvenOddStrong166,Combo
EvenOddStrong167,Combo
EvenOddStrong168,Combo
EvenOddStrong169,Combo
EvenOddStrong170,Combo
EvenOddStrong171,Combo
EvenOddStrong172,Combo
EvenOddStrong173,Combo
EvenOddStrong174,Combo
EvenOddStrong175,Combo
EvenOddStrong176,Combo
EvenOddStrong177,Combo
EvenOddStrong178,Combo
EvenOddStrong179,Combo
EvenOddStrong180,Combo
EvenOddStrong181,Combo
EvenOddStrong182,Combo
EvenOddStrong183,Combo
EvenOddStrong184,Combo
EvenOddStrong185,Combo
EvenOddStrong186,Combo
EvenOddStrong187,Combo
EvenOddStrong188,Minknap
EvenOddStrong189,Minknap
EvenOddStrong190,Combo
EvenOddStrong191,Combo
EvenOddStrong192,Combo
EvenOddStrong193,Combo
EvenOddStrong194,Combo
EvenOddStrong195,Combo
EvenOddStrong196,Combo
EvenOddStrong197,Combo
EvenOddStrong198,Combo
EvenOddStrong199,Minknap
EvenOddStrong200,Combo
EvenOddSubsetSum001,Combo
EvenOddSubsetSum002,Combo
EvenOddSubsetSum003,Combo
EvenOddSubsetSum004,Combo
EvenOddSubsetSum005,Combo
EvenOddSubsetSum006,Combo
EvenOddSubsetSum007,Combo
EvenOddSubsetSum008,Combo
EvenOddSubsetSum009,Combo
EvenOddSubsetSum010,Combo
EvenOddSubsetSum011,Combo
EvenOddSubsetSum012,Combo
EvenOddSubsetSum013,Combo
EvenOddSubsetSum014,Combo
EvenOddSubsetSum015,Combo
EvenOddSubsetSum016,Combo
EvenOddSubsetSum017,Combo
EvenOddSubsetSum018,Combo
EvenOddSubsetSum019,Combo
EvenOddSubsetSum020,Combo
EvenOddSubsetSum021,Combo
EvenOddSubsetSum022,Combo
EvenOddSubsetSum023,Combo
EvenOddSubsetSum024,Combo
EvenOddSubsetSum025,Combo
EvenOddSubsetSum026,Combo
EvenOddSubsetSum027,Combo
EvenOddSubsetSum028,Combo
EvenOddSubsetSum029,Combo
EvenOddSubsetSum030,Combo
EvenOddSubsetSum031,Combo
EvenOddSubsetSum032,Combo
EvenOddSubsetSum033,Combo
EvenOddSubsetSum034,Combo
EvenOddSubsetSum035,Combo
EvenOddSubsetSum036,Combo
EvenOddSubsetSum037,Combo
EvenOddSubsetSum038,Combo
EvenOddSubsetSum039,Combo
EvenOddSubsetSum040,Combo
EvenOddSubsetSum041,Combo
EvenOddSubsetSum042,Combo
EvenOddSubsetSum043,Combo
EvenOddSubsetSum044,Combo
EvenOddSubsetSum045,Combo
EvenOddSubsetSum046,Combo
EvenOddSubsetSum047,Combo
EvenOddSubsetSum048,Combo
EvenOddSubsetSum049,Combo
EvenOddSubsetSum050,Combo
EvenOddSubsetSum051,Combo
EvenOddSubsetSum052,Combo
EvenOddSubsetSum053,Combo
EvenOddSubsetSum054,Combo
EvenOddSubsetSum055,Combo
EvenOddSubsetSum056,Combo
EvenOddSubsetSum057,Combo
EvenOddSubsetSum058,Combo
EvenOddSubsetSum059,Combo
EvenOddSubsetSum060,Combo
EvenOddSubsetSum061,Combo
EvenOddSubsetSum062,Combo
EvenOddSubsetSum063,Combo
EvenOddSubsetSum064,Combo
EvenOddSubsetSum065,Combo
EvenOddSubsetSum066,Combo
EvenOddSubsetSum067,Combo
EvenOddSubsetSum068,Combo
EvenOddSubsetSum069,Combo
EvenOddSubsetSum070,Combo
EvenOddSubsetSum071,Combo
EvenOddSubsetSum072,Combo
EvenOddSubsetSum073,Combo
EvenOddSubsetSum074,Combo
EvenOddSubsetSum075,Combo
EvenOddSubsetSum076,Combo
EvenOddSubsetSum077,Combo
EvenOddSubsetSum078,Combo
EvenOddSubsetSum079,Combo
EvenOddSubsetSum080,Combo
EvenOddSubsetSum081,Combo
EvenOddSubsetSum082,Combo
EvenOddSubsetSum083,Combo
EvenOddSubsetSum084,Combo
EvenOddSubsetSum085,Combo
EvenOddSubsetSum086,Combo
EvenOddSubsetSum087,Combo
EvenOddSubsetSum088,Combo
EvenOddSubsetSum089,Combo
EvenOddSubsetSum090,Combo
EvenOddSubsetSum091,Combo
EvenOddSubsetSum092,Combo
EvenOddSubsetSum093,Combo
EvenOddSubsetSum094,Combo
EvenOddSubsetSum095,Combo
EvenOddSubsetSum096,Combo
EvenOddSubsetSum097,Combo
EvenOddSubsetSum098,Combo
EvenOddSubsetSum099,Combo
EvenOddSubsetSum100,Combo
EvenOddSubsetSum101,Combo
EvenOddSubsetSum102,Combo
EvenOddSubsetSum103,Combo
EvenOddSubsetSum104,Combo
EvenOddSubsetSum105,Combo
EvenOddSubsetSum106,Combo
EvenOddSubsetSum107,Combo
EvenOddSubsetSum108,Combo
EvenOddSubsetSum109,Combo
EvenOddSubsetSum110,Combo
EvenOddSubsetSum111,Combo
EvenOddSubsetSum112,Combo
EvenOddSubsetSum113,Combo
EvenOddSubsetSum114,Combo
EvenOddSubsetSum115,Combo
EvenOddSubsetSum116,Combo
EvenOddSubsetSum117,Combo
EvenOddSubsetSum118,Combo
EvenOddSubsetSum119,Combo
EvenOddSubsetSum120,Combo
EvenOddSubsetSum121,Combo
EvenOddSubsetSum122,Combo
EvenOddSubsetSum123,Combo
EvenOddSubsetSum124,Combo
EvenOddSubsetSum125,Combo
EvenOddSubsetSum126,Combo
EvenOddSubsetSum127,Combo
EvenOddSubsetSum128,Combo
EvenOddSubsetSum129,Combo
EvenOddSubsetSum130,Combo
EvenOddSubsetSum131,Combo
EvenOddSubsetSum132,Combo
EvenOddSubsetSum133,Combo
EvenOddSubsetSum134,Combo
EvenOddSubsetSum135,Combo
EvenOddSubsetSum136,Combo
EvenOddSubsetSum137,Combo
EvenOddSubsetSum138,Combo
EvenOddSubsetSum139,Combo
EvenOddSubsetSum140,Combo
EvenOddSubsetSum141,Combo
EvenOddSubsetSum142,Combo
EvenOddSubsetSum143,Combo
EvenOddSubsetSum144,Combo
EvenOddSubsetSum145,Combo
EvenOddSubsetSum146,Combo
EvenOddSubsetSum147,Combo
EvenOddSubsetSum148,Combo
EvenOddSubsetSum149,Combo
EvenOddSubsetSum150,Combo
EvenOddSubsetSum151,Combo
EvenOddSubsetSum152,Combo
EvenOddSubsetSum153,Combo
EvenOddSubsetSum154,Combo
EvenOddSubsetSum155,Combo
EvenOddSubsetSum156,Combo
EvenOddSubsetSum157,Combo
EvenOddSubsetSum158,Combo
EvenOddSubsetSum159,Combo
EvenOddSubsetSum160,Combo
EvenOddSubsetSum161,Combo
EvenOddSubsetSum162,Combo
EvenOddSubsetSum163,Combo
EvenOddSubsetSum164,Combo
EvenOddSubsetSum165,Combo
EvenOddSubsetSum166,Combo
EvenOddSubsetSum167,Combo
EvenOddSubsetSum168,Combo
EvenOddSubsetSum169,Combo
EvenOddSubsetSum170,Combo
EvenOddSubsetSum171,Combo
EvenOddSubsetSum172,Combo
EvenOddSubsetSum173,Combo
EvenOddSubsetSum174,Combo
EvenOddSubsetSum175,Combo
EvenOddSubsetSum176,Combo
EvenOddSubsetSum177,Combo
EvenOddSubsetSum178,Combo
EvenOddSubsetSum179,Combo
EvenOddSubsetSum180,Combo
EvenOddSubsetSum181,Combo
EvenOddSubsetSum182,Combo
EvenOddSubsetSum183,Combo
EvenOddSubsetSum184,Combo
EvenOddSubsetSum185,Combo
EvenOddSubsetSum186,Combo
EvenOddSubsetSum187,Combo
EvenOddSubsetSum188,Combo
EvenOddSubsetSum189,Combo
EvenOddSubsetSum190,Combo
EvenOddSubsetSum191,Combo
EvenOddSubsetSum192,Combo
EvenOddSubsetSum193,Combo
EvenOddSubsetSum194,Combo
EvenOddSubsetSum195,Combo
EvenOddSubsetSum196,Combo
EvenOddSubsetSum197,Combo
EvenOddSubsetSum198,Combo
EvenOddSubsetSum199,Combo
EvenOddSubsetSum200,Combo
InverseStrong001,Combo
InverseStrong002,Combo
InverseStrong003,Combo
InverseStrong004,Combo
InverseStrong005,Combo
InverseStrong006,Combo
InverseStrong007,Combo
InverseStrong008,Combo
InverseStrong009,Combo
InverseStrong010,Combo
InverseStrong011,Combo
InverseStrong012,Combo
InverseStrong013,Combo
InverseStrong014,Combo
InverseStrong015,Combo
InverseStrong016,Combo
InverseStrong017,Combo
InverseStrong018,Combo
InverseStrong019,Combo
InverseStrong020,Combo
InverseStrong021,Combo
InverseStrong022,Combo
InverseStrong023,Combo
InverseStrong024,Combo
InverseStrong025,Combo
InverseStrong026,Combo
InverseStrong027,Combo
InverseStrong028,Combo
InverseStrong029,Combo
InverseStrong030,Combo
InverseStrong031,Combo
InverseStrong032,Combo
InverseStrong033,Combo
InverseStrong034,Combo
InverseStrong035,Combo
InverseStrong036,Combo
InverseStrong037,Combo
InverseStrong038,Combo
InverseStrong039,Combo
InverseStrong040,Combo
InverseStrong041,Combo
InverseStrong042,Combo
InverseStrong043,Combo
InverseStrong044,Combo
InverseStrong045,Combo
InverseStrong046,Combo
InverseStrong047,Combo
InverseStrong048,Combo
InverseStrong049,Combo
InverseStrong050,Combo
InverseStrong051,Combo
InverseStrong052,Combo
InverseStrong053,Combo
InverseStrong054,Combo
InverseStrong055,Combo
InverseStrong056,Combo
InverseStrong057,Combo
InverseStrong058,Combo
InverseStrong059,Combo
InverseStrong060,Combo
InverseStrong061,Combo
InverseStrong062,Combo
InverseStrong063,Combo
InverseStrong064,Combo
InverseStrong065,Combo
InverseStrong066,Combo
InverseStrong067,Combo
InverseStrong068,Combo
InverseStrong069,Combo
InverseStrong070,Combo
InverseStrong071,Combo
InverseStrong072,Combo
InverseStrong073,Combo
InverseStrong074,Combo
InverseStrong075,Combo
InverseStrong076,Combo
InverseStrong077,Combo
InverseStrong078,Combo
InverseStrong079,Combo
InverseStrong080,Combo
InverseStrong081,Combo
InverseStrong082,Combo
InverseStrong083,Combo
InverseStrong084,Combo
InverseStrong085,Combo
InverseStrong086,Combo
InverseStrong087,Combo
InverseStrong088,Combo
InverseStrong089,Combo
InverseStrong090,Combo
InverseStrong091,Combo
InverseStrong092,Combo
InverseStrong093,Combo
InverseStrong094,Combo
InverseStrong095,Combo
InverseStrong096,Combo
InverseStrong097,Combo
InverseStrong098,Combo
InverseStrong099,Combo
InverseStrong100,Combo
InverseStrong101,Combo
InverseStrong102,Combo
InverseStrong103,Combo
InverseStrong104,Combo
InverseStrong105,Combo
InverseStrong106,Combo
InverseStrong107,Combo
InverseStrong108,Combo
InverseStrong109,Combo
InverseStrong110,Combo
InverseStrong111,Combo
InverseStrong112,Combo
InverseStrong113,Combo
InverseStrong114,Combo
InverseStrong115,Combo
InverseStrong116,Combo
InverseStrong117,Combo
InverseStrong118,Combo
InverseStrong119,Combo
InverseStrong120,Combo
InverseStrong121,Combo
InverseStrong122,Combo
InverseStrong123,Combo
InverseStrong124,Combo
InverseStrong125,Combo
InverseStrong126,Combo
InverseStrong127,Combo
InverseStrong128,Combo
InverseStrong129,Combo
InverseStrong130,Combo
InverseStrong131,Combo
InverseStrong132,Minknap
InverseStrong133,Combo
InverseStrong134,Combo
InverseStrong135,Combo
InverseStrong136,Combo
InverseStrong137,Combo
InverseStrong138,Combo
InverseStrong139,Combo
InverseStrong140,Combo
InverseStrong141,Combo
InverseStrong142,Combo
InverseStrong143,Combo
InverseStrong144,Combo
InverseStrong145,Combo
InverseStrong146,Minknap
InverseStrong147,Minknap
InverseStrong148,Combo
InverseStrong149,Combo
InverseStrong150,Combo
InverseStrong151,Combo
InverseStrong152,Combo
InverseStrong153,Combo
InverseStrong154,Combo
InverseStrong155,Combo
InverseStrong156,Combo
InverseStrong157,Combo
InverseStrong158,Combo
InverseStrong159,Combo
InverseStrong160,Combo
InverseStrong161,Combo
InverseStrong162,Combo
InverseStrong163,Combo
InverseStrong164,Combo
InverseStrong165,Minknap
InverseStrong166,Combo
InverseStrong167,Combo
InverseStrong168,Combo
InverseStrong169,Combo
InverseStrong170,Combo
InverseStrong171,Combo
InverseStrong172,Combo
InverseStrong173,Minknap
InverseStrong174,Combo
InverseStrong175,Minknap
InverseStrong176,Combo
InverseStrong177,Combo
InverseStrong178,Combo
InverseStrong179,Combo
InverseStrong180,Combo
InverseStrong181,Minknap
InverseStrong182,Combo
InverseStrong183,Combo
InverseStrong184,Combo
InverseStrong185,Combo
InverseStrong186,Minknap
InverseStrong187,Minknap
InverseStrong188,Minknap
InverseStrong189,Minknap
InverseStrong190,Minknap
InverseStrong191,Minknap
InverseStrong192,Minknap
InverseStrong193,Combo
InverseStrong194,Combo
InverseStrong195,Combo
InverseStrong196,Combo
InverseStrong197,Minknap
InverseStrong198,Combo
InverseStrong199,Combo
InverseStrong200,Minknap
Multiple001,Minknap
Multiple002,Minknap
Multiple003,Combo
Multiple004,Expknap
Multiple005,Combo
Multiple006,Combo
Multiple007,Combo
Multiple008,Combo
Multiple009,Combo
Multiple010,Combo
Multiple011,Combo
Multiple012,Combo
Multiple013,Combo
Multiple014,Combo
Multiple015,Combo
Multiple016,Combo
Multiple017,Combo
Multiple018,Minknap
Multiple019,Combo
Multiple020,Combo
Multiple021,Combo
Multiple022,Combo
Multiple023,Combo
Multiple024,Combo
Multiple025,Combo
Multiple026,Minknap
Multiple027,Combo
Multiple028,Combo
Multiple029,Combo
Multiple030,Combo
Multiple031,Combo
Multiple032,Combo
Multiple033,Combo
Multiple034,Combo
Multiple035,Combo
Multiple036,Combo
Multiple037,Combo
Multiple038,Combo
Multiple039,Combo
Multiple040,Combo
Multiple041,Combo
Multiple042,Combo
Multiple043,Combo
Multiple044,Combo
Multiple045,Combo
Multiple046,Combo
Multiple047,Minknap
Multiple048,Minknap
Multiple049,Minknap
Multiple050,Expknap
Multiple051,Expknap
Multiple052,Combo
Multiple053,Combo
Multiple054,Combo
Multiple055,Combo
Multiple056,Combo
Multiple057,Combo
Multiple058,Combo
Multiple059,Combo
Multiple060,Combo
Multiple061,Combo
Multiple062,Combo
Multiple063,Combo
Multiple064,Combo
Multiple065,Combo
Multiple066,Combo
Multiple067,Combo
Multiple068,Combo
Multiple069,Minknap
Multiple070,Minknap
Multiple071,Combo
Multiple072,Combo
Multiple073,Combo
Multiple074,Combo
Multiple075,Combo
Multiple076,Combo
Multiple077,Combo
Multiple078,Combo
Multiple079,Combo
Multiple080,Combo
Multiple081,Combo
Multiple082,Combo
Multiple083,Combo
Multiple084,Combo
Multiple085,Combo
Multiple086,Combo
Multiple087,Combo
Multiple088,Combo
Multiple089,Combo
Multiple090,Combo
Multiple091,Combo
Multiple092,Combo
Multiple093,Combo
Multiple094,Combo
Multiple095,Combo
Multiple096,Combo
Multiple097,Combo
Multiple098,Combo
Multiple099,Combo
Multiple100,Combo
Multiple101,Combo
Multiple102,Combo
Multiple103,Combo
Multiple104,Combo
Multiple105,Combo
Multiple106,Combo
Multiple107,Combo
Multiple108,Combo
Multiple109,Combo
Multiple110,Combo
Multiple111,Minknap
Multiple112,Minknap
Multiple113,Minknap
Multiple114,Combo
Multiple115,Combo
Multiple116,Combo
Multiple117,Combo
Multiple118,Combo
Multiple119,Combo
Multiple120,Combo
Multiple121,Combo
Multiple122,Combo
Multiple123,Combo
Multiple124,Combo
Multiple125,Combo
Multiple126,Combo
Multiple127,Combo
Multiple128,Combo
Multiple129,Combo
Multiple130,Combo
Multiple131,Combo
Multiple132,Combo
Multiple133,Combo
Multiple134,Combo
Multiple135,Combo
Multiple136,Combo
Multiple137,Combo
Multiple138,Combo
Multiple139,Combo
Multiple140,Combo
Multiple141,Combo
Multiple142,Combo
Multiple143,Combo
Multiple144,Combo
Multiple145,Combo
Multiple146,Combo
Multiple147,Combo
Multiple148,Combo
Multiple149,Combo
Multiple150,Combo
Multiple151,Combo
Multiple152,Combo
Multiple153,Minknap
Multiple154,Minknap
Multiple155,Minknap
Multiple156,Combo
Multiple157,Combo
Multiple158,Expknap
Multiple159,Combo
Multiple160,Combo
Multiple161,Combo
Multiple162,Combo
Multiple163,Combo
Multiple164,Combo
Multiple165,Combo
Multiple166,Combo
Multiple167,Combo
Multiple168,Combo
Multiple169,Combo
Multiple170,Combo
Multiple171,Combo
Multiple172,Combo
Multiple173,Combo
Multiple174,Combo
Multiple175,Combo
Multiple176,Combo
Multiple177,Combo
Multiple178,Combo
Multiple179,Combo
Multiple180,Combo
Multiple181,Combo
Multiple182,Combo
Multiple183,Combo
Multiple184,Combo
Multiple185,Combo
Multiple186,Combo
Multiple187,Combo
Multiple188,Combo
Multiple189,Combo
Multiple190,Combo
Multiple191,Combo
Multiple192,Combo
Multiple193,Combo
Multiple194,Combo
Multiple195,Minknap
Multiple196,Combo
Multiple197,Minknap
Multiple198,Combo
Multiple199,Minknap
Multiple200,Combo
NoSmallWeights001,Combo
NoSmallWeights002,Minknap
NoSmallWeights003,Minknap
NoSmallWeights004,Minknap
NoSmallWeights005,Minknap
NoSmallWeights006,Minknap
NoSmallWeights007,Minknap
NoSmallWeights008,Minknap
NoSmallWeights009,Combo
NoSmallWeights010,Combo
NoSmallWeights011,Minknap
NoSmallWeights012,Minknap
NoSmallWeights013,Minknap
NoSmallWeights014,Minknap
NoSmallWeights015,Minknap
NoSmallWeights016,Expknap
NoSmallWeights017,Minknap
NoSmallWeights018,Minknap
NoSmallWeights019,Minknap
NoSmallWeights020,Combo
NoSmallWeights021,Minknap
NoSmallWeights022,Minknap
NoSmallWeights023,Expknap
NoSmallWeights024,Expknap
NoSmallWeights025,Expknap
NoSmallWeights026,Minknap
NoSmallWeights027,Minknap
NoSmallWeights028,Minknap
NoSmallWeights029,Minknap
NoSmallWeights030,Minknap
NoSmallWeights031,Combo
NoSmallWeights032,Minknap
NoSmallWeights033,Minknap
NoSmallWeights034,Minknap
NoSmallWeights035,Combo
NoSmallWeights036,Minknap
NoSmallWeights037,Combo
NoSmallWeights038,Minknap
NoSmallWeights039,Combo
NoSmallWeights040,Minknap
NoSmallWeights041,Combo
NoSmallWeights042,Minknap
NoSmallWeights043,Minknap
NoSmallWeights044,Combo
NoSmallWeights045,Minknap
NoSmallWeights046,Combo
NoSmallWeights047,Combo
NoSmallWeights048,Minknap
NoSmallWeights049,Combo
NoSmallWeights050,Expknap
NoSmallWeights051,Combo
NoSmallWeights052,Minknap
NoSmallWeights053,Expknap
NoSmallWeights054,Combo
NoSmallWeights055,Minknap
NoSmallWeights056,Expknap
NoSmallWeights057,Minknap
NoSmallWeights058,Minknap
NoSmallWeights059,Combo
NoSmallWeights060,Combo
NoSmallWeights061,Minknap
NoSmallWeights062,Minknap
NoSmallWeights063,Minknap
NoSmallWeights064,Combo
NoSmallWeights065,Combo
NoSmallWeights066,Expknap
NoSmallWeights067,Combo
NoSmallWeights068,Minknap
NoSmallWeights069,Minknap
NoSmallWeights070,Combo
NoSmallWeights071,Combo
NoSmallWeights072,Minknap
NoSmallWeights073,Combo
NoSmallWeights074,Minknap
NoSmallWeights075,Combo
NoSmallWeights076,Minknap
NoSmallWeights077,Combo
NoSmallWeights078,Minknap
NoSmallWeights079,Minknap
NoSmallWeights080,Minknap
NoSmallWeights081,Minknap
NoSmallWeights082,Minknap
NoSmallWeights083,Minknap
NoSmallWeights084,Combo
NoSmallWeights085,Minknap
NoSmallWeights086,Combo
NoSmallWeights087,Combo
NoSmallWeights088,Minknap
NoSmallWeights089,Minknap
NoSmallWeights090,Minknap
NoSmallWeights091,Minknap
NoSmallWeights092,Minknap
NoSmallWeights093,Expknap
NoSmallWeights094,Minknap
NoSmallWeights095,Combo
NoSmallWeights096,Expknap
NoSmallWeights097,Combo
NoSmallWeights098,Expknap
NoSmallWeights099,Minknap
NoSmallWeights100,Minknap
NoSmallWeights101,Expknap
NoSmallWeights102,Combo
NoSmallWeights103,Minknap
NoSmallWeights104,Minknap
NoSmallWeights105,Minknap
NoSmallWeights106,Minknap
NoSmallWeights107,Combo
NoSmallWeights108,Minknap
NoSmallWeights109,Expknap
NoSmallWeights110,Minknap
NoSmallWeights111,Minknap
NoSmallWeights112,Combo
NoSmallWeights113,Combo
NoSmallWeights114,Combo
NoSmallWeights115,Combo
NoSmallWeights116,Combo
NoSmallWeights117,Expknap
NoSmallWeights118,Minknap
NoSmallWeights119,Minknap
NoSmallWeights120,Combo
NoSmallWeights121,Minknap
NoSmallWeights122,Minknap
NoSmallWeights123,Minknap
NoSmallWeights124,Minknap
NoSmallWeights125,Minknap
NoSmallWeights126,Combo
NoSmallWeights127,Minknap
NoSmallWeights128,Minknap
NoSmallWeights129,Minknap
NoSmallWeights130,Minknap
NoSmallWeights131,Combo
NoSmallWeights132,Combo
NoSmallWeights133,Minknap
NoSmallWeights134,Minknap
NoSmallWeights135,Minknap
NoSmallWeights136,Expknap
NoSmallWeights137,Minknap
NoSmallWeights138,Minknap
NoSmallWeights139,Combo
NoSmallWeights140,Minknap
NoSmallWeights141,Combo
NoSmallWeights142,Combo
NoSmallWeights143,Minknap
NoSmallWeights144,Minknap
NoSmallWeights145,Combo
NoSmallWeights146,Combo
NoSmallWeights147,Combo
NoSmallWeights148,Minknap
NoSmallWeights149,Minknap
NoSmallWeights150,Minknap
NoSmallWeights151,Minknap
NoSmallWeights152,Minknap
NoSmallWeights153,Minknap
NoSmallWeights154,Minknap
NoSmallWeights155,Combo
NoSmallWeights156,Minknap
NoSmallWeights157,Combo
NoSmallWeights158,Minknap
NoSmallWeights159,Minknap
NoSmallWeights160,Minknap
NoSmallWeights161,Minknap
NoSmallWeights162,Combo
NoSmallWeights163,Minknap
NoSmallWeights164,Minknap
NoSmallWeights165,Minknap
NoSmallWeights166,Minknap
NoSmallWeights167,Combo
NoSmallWeights168,Minknap
NoSmallWeights169,Minknap
NoSmallWeights170,Minknap
NoSmallWeights171,Expknap
NoSmallWeights172,Minknap
NoSmallWeights173,Minknap
NoSmallWeights174,Combo
NoSmallWeights175,Minknap
NoSmallWeights176,Combo
NoSmallWeights177,Minknap
NoSmallWeights178,Minknap
NoSmallWeights179,Minknap
NoSmallWeights180,Minknap
NoSmallWeights181,Minknap
NoSmallWeights182,Minknap
NoSmallWeights183,Combo
NoSmallWeights184,Minknap
NoSmallWeights185,Minknap
NoSmallWeights186,Minknap
NoSmallWeights187,Minknap
NoSmallWeights188,Combo
NoSmallWeights189,Minknap
NoSmallWeights190,Minknap
NoSmallWeights191,Minknap
NoSmallWeights192,Minknap
NoSmallWeights193,Combo
NoSmallWeights194,Minknap
NoSmallWeights195,Combo
NoSmallWeights196,Combo
NoSmallWeights197,Minknap
NoSmallWeights198,Minknap
NoSmallWeights199,Combo
NoSmallWeights200,Combo
Profit001,Expknap
Profit002,Expknap
Profit003,Minknap
Profit004,Expknap
Profit005,Combo
Profit006,Expknap
Profit007,Combo
Profit008,Expknap
Profit009,Combo
Profit010,Combo
Profit011,Combo
Profit012,Combo
Profit013,Expknap
Profit014,Combo
Profit015,Combo
Profit016,Expknap
Profit017,Minknap
Profit018,Combo
Profit019,Combo
Profit020,Combo
Profit021,Combo
Profit022,Combo
Profit023,Expknap
Profit024,Combo
Profit025,Combo
Profit026,Combo
Profit027,Combo
Profit028,Combo
Profit029,Expknap
Profit030,Combo
Profit031,Combo
Profit032,Combo
Profit033,Expknap
Profit034,Combo
Profit035,Combo
Profit036,Combo
Profit037,Combo
Profit038,Combo
Profit039,Expknap
Profit040,Combo
Profit041,Expknap
Profit042,Minknap
Profit043,Expknap
Profit044,Expknap
Profit045,Expknap
Profit046,Combo
Profit047,Expknap
Profit048,Combo
Profit049,Expknap
Profit050,Combo
Profit051,Combo
Profit052,Combo
Profit053,Combo
Profit054,Expknap
Profit055,Combo
Profit056,Combo
Profit057,Combo
Profit058,Combo
Profit059,Combo
Profit060,Minknap
Profit061,Combo
Profit062,Expknap
Profit063,Minknap
Profit064,Minknap
Profit065,Expknap
Profit066,Combo
Profit067,Combo
Profit068,Expknap
Profit069,Combo
Profit070,Combo
Profit071,Combo
Profit072,Combo
Profit073,Combo
Profit074,Expknap
Profit075,Expknap
Profit076,Combo
Profit077,Expknap
Profit078,Combo
Profit079,Combo
Profit080,Combo
Profit081,Combo
Profit082,Combo
Profit083,Combo
Profit084,Combo
Profit085,Combo
Profit086,Combo
Profit087,Combo
Profit088,Combo
Profit089,Combo
Profit090,Combo
Profit091,Combo
Profit092,Expknap
Profit093,Combo
Profit094,Combo
Profit095,Expknap
Profit096,Expknap
Profit097,Combo
Profit098,Combo
Profit099,Combo
Profit100,Combo
Profit101,Combo
Profit102,Combo
Profit103,Expknap
Profit104,Minknap
Profit105,Minknap
Profit106,Minknap
Profit107,Minknap
Profit108,Minknap
Profit109,Expknap
Profit110,Combo
Profit111,Combo
Profit112,Expknap
Profit113,Combo
Profit114,Combo
Profit115,Minknap
Profit116,Combo
Profit117,Combo
Profit118,Combo
Profit119,Combo
Profit120,Combo
Profit121,Expknap
Profit122,Combo
Profit123,Combo
Profit124,Combo
Profit125,Combo
Profit126,Combo
Profit127,Expknap
Profit128,Expknap
Profit129,Combo
Profit130,Expknap
Profit131,Expknap
Profit132,Combo
Profit133,Combo
Profit134,Combo
Profit135,Expknap
Profit136,Expknap
Profit137,Minknap
Profit138,Expknap
Profit139,Expknap
Profit140,Expknap
Profit141,Combo
Profit142,Combo
Profit143,Expknap
Profit144,Expknap
Profit145,Expknap
Profit146,Combo
Profit147,Minknap
Profit148,Combo
Profit149,Combo
Profit150,Minknap
Profit151,Combo
Profit152,Combo
Profit153,Combo
Profit154,Combo
Profit155,Combo
Profit156,Combo
Profit157,Expknap
Profit158,Combo
Profit159,Expknap
Profit160,Expknap
Profit161,Expknap
Profit162,Expknap
Profit163,Minknap
Profit164,Combo
Profit165,Combo
Profit166,Combo
Profit167,Expknap
Profit168,Combo
Profit169,Combo
Profit170,Combo
Profit171,Combo
Profit172,Minknap
Profit173,Combo
Profit174,Expknap
Profit175,Combo
Profit176,Expknap
Profit177,Expknap
Profit178,Combo
Profit179,Combo
Profit180,Expknap
Profit181,Combo
Profit182,Combo
Profit183,Combo
Profit184,Combo
Profit185,Combo
Profit186,Combo
Profit187,Combo
Profit188,Minknap
Profit189,Combo
Profit190,Combo
Profit191,Expknap
Profit192,Combo
Profit193,Combo
Profit194,Combo
Profit195,Combo
Profit196,Combo
Profit197,Combo
Profit198,Combo
Profit199,Combo
Profit200,Expknap
ProfitLargeOnly001,Combo
ProfitLargeOnly002,Minknap
ProfitLargeOnly003,Minknap
ProfitLargeOnly004,Combo
ProfitLargeOnly005,Combo
ProfitLargeOnly006,Minknap
ProfitLargeOnly007,Combo
ProfitLargeOnly008,Combo
ProfitLargeOnly009,Combo
ProfitLargeOnly010,Combo
ProfitLargeOnly011,Combo
ProfitLargeOnly012,Combo
ProfitLargeOnly013,Expknap
ProfitLargeOnly014,Combo
ProfitLargeOnly015,Combo
ProfitLargeOnly016,Combo
ProfitLargeOnly017,Combo
ProfitLargeOnly018,Expknap
ProfitLargeOnly019,Expknap
ProfitLargeOnly020,Expknap
ProfitLargeOnly021,Combo
ProfitLargeOnly022,Expknap
ProfitLargeOnly023,Combo
ProfitLargeOnly024,Combo
ProfitLargeOnly025,Combo
ProfitLargeOnly026,Combo
ProfitLargeOnly027,Combo
ProfitLargeOnly028,Combo
ProfitLargeOnly029,Expknap
ProfitLargeOnly030,Combo
ProfitLargeOnly031,Combo
ProfitLargeOnly032,Combo
ProfitLargeOnly033,Combo
ProfitLargeOnly034,Combo
ProfitLargeOnly035,Combo
ProfitLargeOnly036,Combo
ProfitLargeOnly037,Combo
ProfitLargeOnly038,Combo
ProfitLargeOnly039,Combo
ProfitLargeOnly040,Expknap
ProfitLargeOnly041,Combo
ProfitLargeOnly042,Combo
ProfitLargeOnly043,Combo
ProfitLargeOnly044,Combo
ProfitLargeOnly045,Combo
ProfitLargeOnly046,Expknap
ProfitLargeOnly047,Combo
ProfitLargeOnly048,Combo
ProfitLargeOnly049,Expknap
ProfitLargeOnly050,Combo
ProfitLargeOnly051,Expknap
ProfitLargeOnly052,Combo
ProfitLargeOnly053,Combo
ProfitLargeOnly054,Expknap
ProfitLargeOnly055,Expknap
ProfitLargeOnly056,Combo
ProfitLargeOnly057,Combo
ProfitLargeOnly058,Combo
ProfitLargeOnly059,Combo
ProfitLargeOnly060,Combo
ProfitLargeOnly061,Combo
ProfitLargeOnly062,Combo
ProfitLargeOnly063,Combo
ProfitLargeOnly064,Combo
ProfitLargeOnly065,Combo
ProfitLargeOnly066,Combo
ProfitLargeOnly067,Combo
ProfitLargeOnly068,Combo
ProfitLargeOnly069,Combo
ProfitLargeOnly070,Combo
ProfitLargeOnly071,Combo
ProfitLargeOnly072,Combo
ProfitLargeOnly073,Combo
ProfitLargeOnly074,Combo
ProfitLargeOnly075,Combo
ProfitLargeOnly076,Combo
ProfitLargeOnly077,Combo
ProfitLargeOnly078,Combo
ProfitLargeOnly079,Combo
ProfitLargeOnly080,Combo
ProfitLargeOnly081,Combo
ProfitLargeOnly082,Combo
ProfitLargeOnly083,Expknap
ProfitLargeOnly084,Combo
ProfitLargeOnly085,Combo
ProfitLargeOnly086,Combo
ProfitLargeOnly087,Expknap
ProfitLargeOnly088,Combo
ProfitLargeOnly089,Combo
ProfitLargeOnly090,Combo
ProfitLargeOnly091,Combo
ProfitLargeOnly092,Combo
ProfitLargeOnly093,Combo
ProfitLargeOnly094,Combo
ProfitLargeOnly095,Combo
ProfitLargeOnly096,Combo
ProfitLargeOnly097,Expknap
ProfitLargeOnly098,Minknap
ProfitLargeOnly099,Combo
ProfitLargeOnly100,Combo
ProfitLargeOnly101,Combo
ProfitLargeOnly102,Combo
ProfitLargeOnly103,Combo
ProfitLargeOnly104,Combo
ProfitLargeOnly105,Combo
ProfitLargeOnly106,Combo
ProfitLargeOnly107,Expknap
ProfitLargeOnly108,Expknap
ProfitLargeOnly109,Combo
ProfitLargeOnly110,Combo
ProfitLargeOnly111,Minknap
ProfitLargeOnly112,Expknap
ProfitLargeOnly113,Combo
ProfitLargeOnly114,Combo
ProfitLargeOnly115,Combo
ProfitLargeOnly116,Combo
ProfitLargeOnly117,Expknap
ProfitLargeOnly118,Expknap
ProfitLargeOnly119,Combo
ProfitLargeOnly120,Expknap
ProfitLargeOnly121,Combo
ProfitLargeOnly122,Expknap
ProfitLargeOnly123,Combo
ProfitLargeOnly124,Combo
ProfitLargeOnly125,Combo
ProfitLargeOnly126,Combo
ProfitLargeOnly127,Minknap
ProfitLargeOnly128,Minknap
ProfitLargeOnly129,Combo
ProfitLargeOnly130,Combo
ProfitLargeOnly131,Combo
ProfitLargeOnly132,Combo
ProfitLargeOnly133,Combo
ProfitLargeOnly134,Combo
ProfitLargeOnly135,Combo
ProfitLargeOnly136,Combo
ProfitLargeOnly137,Combo
ProfitLargeOnly138,Combo
ProfitLargeOnly139,Combo
ProfitLargeOnly140,Combo
ProfitLargeOnly141,Combo
ProfitLargeOnly142,Combo
ProfitLargeOnly143,Combo
ProfitLargeOnly144,Combo
ProfitLargeOnly145,Combo
ProfitLargeOnly146,Combo
ProfitLargeOnly147,Expknap
ProfitLargeOnly148,Combo
ProfitLargeOnly149,Combo
ProfitLargeOnly150,Combo
ProfitLargeOnly151,Expknap
ProfitLargeOnly152,Combo
ProfitLargeOnly153,Combo
ProfitLargeOnly154,Combo
ProfitLargeOnly155,Expknap
ProfitLargeOnly156,Combo
ProfitLargeOnly157,Combo
ProfitLargeOnly158,Minknap
ProfitLargeOnly159,Combo
ProfitLargeOnly160,Combo
ProfitLargeOnly161,Expknap
ProfitLargeOnly162,Expknap
ProfitLargeOnly163,Combo
ProfitLargeOnly164,Combo
ProfitLargeOnly165,Combo
ProfitLargeOnly166,Expknap
ProfitLargeOnly167,Combo
ProfitLargeOnly168,Expknap
ProfitLargeOnly169,Combo
ProfitLargeOnly170,Combo
ProfitLargeOnly171,Combo
ProfitLargeOnly172,Minknap
ProfitLargeOnly173,Combo
ProfitLargeOnly174,Combo
ProfitLargeOnly175,Combo
ProfitLargeOnly176,Expknap
ProfitLargeOnly177,Minknap
ProfitLargeOnly178,Expknap
ProfitLargeOnly179,Combo
ProfitLargeOnly180,Combo
ProfitLargeOnly181,Combo
ProfitLargeOnly182,Combo
ProfitLargeOnly183,Combo
ProfitLargeOnly184,Combo
ProfitLargeOnly185,Combo
ProfitLargeOnly186,Combo
ProfitLargeOnly187,Minknap
ProfitLargeOnly188,Combo
ProfitLargeOnly189,Expknap
ProfitLargeOnly190,Combo
ProfitLargeOnly191,Expknap
ProfitLargeOnly192,Combo
ProfitLargeOnly193,Expknap
ProfitLargeOnly194,Combo
ProfitLargeOnly195,Minknap
ProfitLargeOnly196,Combo
ProfitLargeOnly197,Combo
ProfitLargeOnly198,Combo
ProfitLargeOnly199,Combo
ProfitLargeOnly200,Combo
QuadFit001,Combo
QuadFit002,Expknap
QuadFit003,Combo
QuadFit004,Combo
QuadFit005,Minknap
QuadFit006,Minknap
QuadFit007,Minknap
QuadFit008,Combo
QuadFit009,Combo
QuadFit010,Combo
QuadFit011,Combo
QuadFit012,Combo
QuadFit013,Combo
QuadFit014,Minknap
QuadFit015,Minknap
QuadFit016,Minknap
QuadFit017,Minknap
QuadFit018,Minknap
QuadFit019,Minknap
QuadFit020,Combo
QuadFit021,Combo
QuadFit022,Combo
QuadFit023,Combo
QuadFit024,Combo
QuadFit025,Combo
QuadFit026,Combo
QuadFit027,Minknap
QuadFit028,Combo
QuadFit029,Combo
QuadFit030,Combo
QuadFit031,Combo
QuadFit032,Combo
QuadFit033,Combo
QuadFit034,Minknap
QuadFit035,Combo
QuadFit036,Combo
QuadFit037,Combo
QuadFit038,Combo
QuadFit039,Combo
QuadFit040,Combo
QuadFit041,Combo
QuadFit042,Combo
QuadFit043,Combo
QuadFit044,Combo
QuadFit045,Combo
QuadFit046,Combo
QuadFit047,Combo
QuadFit048,Combo
QuadFit049,Combo
QuadFit050,Combo
QuadFit051,Combo
QuadFit052,Combo
QuadFit053,Combo
QuadFit054,Combo
QuadFit055,Combo
QuadFit056,Combo
QuadFit057,Combo
QuadFit058,Minknap
QuadFit059,Combo
QuadFit060,Combo
QuadFit061,Combo
QuadFit062,Combo
QuadFit063,Minknap
QuadFit064,Combo
QuadFit065,Combo
QuadFit066,Combo
QuadFit067,Combo
QuadFit068,Combo
QuadFit069,Minknap
QuadFit070,Combo
QuadFit071,Minknap
QuadFit072,Minknap
QuadFit073,Minknap
QuadFit074,Minknap
QuadFit075,Combo
QuadFit076,Combo
QuadFit077,Combo
QuadFit078,Combo
QuadFit079,Combo
QuadFit080,Combo
QuadFit081,Combo
QuadFit082,Combo
QuadFit083,Combo
QuadFit084,Minknap
QuadFit085,Combo
QuadFit086,Combo
QuadFit087,Combo
QuadFit088,Combo
QuadFit089,Minknap
QuadFit090,Combo
QuadFit091,Combo
QuadFit092,Combo
QuadFit093,Combo
QuadFit094,Combo
QuadFit095,Combo
QuadFit096,Combo
QuadFit097,Combo
QuadFit098,Combo
QuadFit099,Combo
QuadFit100,Minknap
QuadFit101,Combo
QuadFit102,Combo
QuadFit103,Combo
QuadFit104,Combo
QuadFit105,Combo
QuadFit106,Combo
QuadFit107,Combo
QuadFit108,Combo
QuadFit109,Combo
QuadFit110,Combo
QuadFit111,Combo
QuadFit112,Combo
QuadFit113,Minknap
QuadFit114,Minknap
QuadFit115,Minknap
QuadFit116,Minknap
QuadFit117,Minknap
QuadFit118,Minknap
QuadFit119,Combo
QuadFit120,Minknap
QuadFit121,Combo
QuadFit122,Combo
QuadFit123,Combo
QuadFit124,Combo
QuadFit125,Minknap
QuadFit126,Combo
QuadFit127,Minknap
QuadFit128,Combo
QuadFit129,Minknap
QuadFit130,Combo
QuadFit131,Combo
QuadFit132,Combo
QuadFit133,Combo
QuadFit134,Combo
QuadFit135,Combo
QuadFit136,Combo
QuadFit137,Minknap
QuadFit138,Combo
QuadFit139,Combo
QuadFit140,Combo
QuadFit141,Combo
QuadFit142,Combo
QuadFit143,Combo
QuadFit144,Combo
QuadFit145,Combo
QuadFit146,Combo
QuadFit147,Combo
QuadFit148,Combo
QuadFit149,Combo
QuadFit150,Combo
QuadFit151,Combo
QuadFit152,Combo
QuadFit153,Combo
QuadFit154,Combo
QuadFit155,Combo
QuadFit156,Combo
QuadFit157,Minknap
QuadFit158,Combo
QuadFit159,Combo
QuadFit160,Combo
QuadFit161,Combo
QuadFit162,Combo
QuadFit163,Combo
QuadFit164,Combo
QuadFit165,Combo
QuadFit166,Combo
QuadFit167,Combo
QuadFit168,Combo
QuadFit169,Combo
QuadFit170,Combo
QuadFit171,Combo
QuadFit172,Combo
QuadFit173,Combo
QuadFit174,Minknap
QuadFit175,Expknap
QuadFit176,Combo
QuadFit177,Combo
QuadFit178,Combo
QuadFit179,Combo
QuadFit180,Minknap
QuadFit181,Combo
QuadFit182,Combo
QuadFit183,Minknap
QuadFit184,Combo
QuadFit185,Combo
QuadFit186,Minknap
QuadFit187,Combo
QuadFit188,Minknap
QuadFit189,Combo
QuadFit190,Combo
QuadFit191,Minknap
QuadFit192,Combo
QuadFit193,Combo
QuadFit194,Minknap
QuadFit195,Combo
QuadFit196,Combo
QuadFit197,Combo
QuadFit198,Combo
QuadFit199,Combo
QuadFit200,Combo
RandomCeiling001,Expknap
RandomCeiling002,Expknap
RandomCeiling003,Combo
RandomCeiling004,Combo
RandomCeiling005,Expknap
RandomCeiling006,Expknap
RandomCeiling007,Expknap
RandomCeiling008,Combo
RandomCeiling009,Expknap
RandomCeiling010,Combo
RandomCeiling011,Expknap
RandomCeiling012,Combo
RandomCeiling013,Combo
RandomCeiling014,Expknap
RandomCeiling015,Expknap
RandomCeiling016,Combo
RandomCeiling017,Combo
RandomCeiling018,Expknap
RandomCeiling019,Expknap
RandomCeiling020,Expknap
RandomCeiling021,Combo
RandomCeiling022,Expknap
RandomCeiling023,Expknap
RandomCeiling024,Expknap
RandomCeiling025,Expknap
RandomCeiling026,Expknap
RandomCeiling027,Combo
RandomCeiling028,Combo
RandomCeiling029,Expknap
RandomCeiling030,Expknap
RandomCeiling031,Combo
RandomCeiling032,Expknap
RandomCeiling033,Expknap
RandomCeiling034,Expknap
RandomCeiling035,Expknap
RandomCeiling036,Minknap
RandomCeiling037,Expknap
RandomCeiling038,Expknap
RandomCeiling039,Combo
RandomCeiling040,Expknap
RandomCeiling041,Combo
RandomCeiling042,Minknap
RandomCeiling043,Combo
RandomCeiling044,Expknap
RandomCeiling045,Combo
RandomCeiling046,Expknap
RandomCeiling047,Expknap
RandomCeiling048,Expknap
RandomCeiling049,Expknap
RandomCeiling050,Expknap
RandomCeiling051,Expknap
RandomCeiling052,Expknap
RandomCeiling053,Combo
RandomCeiling054,Expknap
RandomCeiling055,Expknap
RandomCeiling056,Expknap
RandomCeiling057,Expknap
RandomCeiling058,Combo
RandomCeiling059,Expknap
RandomCeiling060,Minknap
RandomCeiling061,Expknap
RandomCeiling062,Expknap
RandomCeiling063,Expknap
RandomCeiling064,Combo
RandomCeiling065,Expknap
RandomCeiling066,Combo
RandomCeiling067,Expknap
RandomCeiling068,Expknap
RandomCeiling069,Expknap
RandomCeiling070,Expknap
RandomCeiling071,Combo
RandomCeiling072,Combo
RandomCeiling073,Expknap
RandomCeiling074,Expknap
RandomCeiling075,Combo
RandomCeiling076,Combo
RandomCeiling077,Combo
RandomCeiling078,Expknap
RandomCeiling079,Combo
RandomCeiling080,Expknap
RandomCeiling081,Expknap
RandomCeiling082,Expknap
RandomCeiling083,Combo
RandomCeiling084,Combo
RandomCeiling085,Expknap
RandomCeiling086,Expknap
RandomCeiling087,Expknap
RandomCeiling088,Expknap
RandomCeiling089,Expknap
RandomCeiling090,Expknap
RandomCeiling091,Expknap
RandomCeiling092,Combo
RandomCeiling093,Minknap
RandomCeiling094,Combo
RandomCeiling095,Combo
RandomCeiling096,Combo
RandomCeiling097,Combo
RandomCeiling098,Combo
RandomCeiling099,Combo
RandomCeiling100,Combo
RandomCeiling101,Combo
RandomCeiling102,Combo
RandomCeiling103,Expknap
RandomCeiling104,Combo
RandomCeiling105,Expknap
RandomCeiling106,Expknap
RandomCeiling107,Expknap
RandomCeiling108,Combo
RandomCeiling109,Combo
RandomCeiling110,Combo
RandomCeiling111,Expknap
RandomCeiling112,Expknap
RandomCeiling113,Expknap
RandomCeiling114,Expknap
RandomCeiling115,Expknap
RandomCeiling116,Expknap
RandomCeiling117,Expknap
RandomCeiling118,Combo
RandomCeiling119,Expknap
RandomCeiling120,Expknap
RandomCeiling121,Combo
RandomCeiling122,Expknap
RandomCeiling123,Expknap
RandomCeiling124,Expknap
RandomCeiling125,Expknap
RandomCeiling126,Expknap
RandomCeiling127,Expknap
RandomCeiling128,Expknap
RandomCeiling129,Expknap
RandomCeiling130,Combo
RandomCeiling131,Expknap
RandomCeiling132,Expknap
RandomCeiling133,Expknap
RandomCeiling134,Expknap
RandomCeiling135,Expknap
RandomCeiling136,Minknap
RandomCeiling137,Minknap
RandomCeiling138,Expknap
RandomCeiling139,Minknap
RandomCeiling140,Minknap
RandomCeiling141,Minknap
RandomCeiling142,Expknap
RandomCeiling143,Minknap
RandomCeiling144,Minknap
RandomCeiling145,Minknap
RandomCeiling146,Expknap
RandomCeiling147,Combo
RandomCeiling148,Combo
RandomCeiling149,Expknap
RandomCeiling150,Minknap
RandomCeiling151,Minknap
RandomCeiling152,Minknap
RandomCeiling153,Expknap
RandomCeiling154,Expknap
RandomCeiling155,Combo
RandomCeiling156,Minknap
RandomCeiling157,Expknap
RandomCeiling158,Combo
RandomCeiling159,Combo
RandomCeiling160,Expknap
RandomCeiling161,Expknap
RandomCeiling162,Expknap
RandomCeiling163,Minknap
RandomCeiling164,Expknap
RandomCeiling165,Expknap
RandomCeiling166,Minknap
RandomCeiling167,Expknap
RandomCeiling168,Expknap
RandomCeiling169,Expknap
RandomCeiling170,Minknap
RandomCeiling171,Expknap
RandomCeiling172,Expknap
RandomCeiling173,Minknap
RandomCeiling174,Combo
RandomCeiling175,Expknap
RandomCeiling176,Combo
RandomCeiling177,Minknap
RandomCeiling178,Minknap
RandomCeiling179,Expknap
RandomCeiling180,Expknap
RandomCeiling181,Expknap
RandomCeiling182,Minknap
RandomCeiling183,Expknap
RandomCeiling184,Expknap
RandomCeiling185,Combo
RandomCeiling186,Minknap
RandomCeiling187,Expknap
RandomCeiling188,Expknap
RandomCeiling189,Minknap
RandomCeiling190,Expknap
RandomCeiling191,Combo
RandomCeiling192,Combo
RandomCeiling193,Expknap
RandomCeiling194,Combo
RandomCeiling195,Combo
RandomCeiling196,Combo
RandomCeiling197,Minknap
RandomCeiling198,Expknap
RandomCeiling199,Minknap
RandomCeiling200,Combo
SimilarWeightsUncorrelated001,Minknap
SimilarWeightsUncorrelated002,Minknap
SimilarWeightsUncorrelated003,Combo
SimilarWeightsUncorrelated004,Combo
SimilarWeightsUncorrelated005,Combo
SimilarWeightsUncorrelated006,Combo
SimilarWeightsUncorrelated007,Combo
SimilarWeightsUncorrelated008,Minknap
SimilarWeightsUncorrelated009,Minknap
SimilarWeightsUncorrelated010,Combo
SimilarWeightsUncorrelated011,Combo
SimilarWeightsUncorrelated012,Combo
SimilarWeightsUncorrelated013,Combo
SimilarWeightsUncorrelated014,Combo
SimilarWeightsUncorrelated015,Combo
SimilarWeightsUncorrelated016,Combo
SimilarWeightsUncorrelated017,Combo
SimilarWeightsUncorrelated018,Combo
SimilarWeightsUncorrelated019,Combo
SimilarWeightsUncorrelated020,Combo
SimilarWeightsUncorrelated021,Minknap
SimilarWeightsUncorrelated022,Minknap
SimilarWeightsUncorrelated023,Minknap
SimilarWeightsUncorrelated024,Combo
SimilarWeightsUncorrelated025,Combo
SimilarWeightsUncorrelated026,Minknap
SimilarWeightsUncorrelated027,Combo
SimilarWeightsUncorrelated028,Combo
SimilarWeightsUncorrelated029,Combo
SimilarWeightsUncorrelated030,Combo
SimilarWeightsUncorrelated031,Minknap
SimilarWeightsUncorrelated032,Minknap
SimilarWeightsUncorrelated033,Minknap
SimilarWeightsUncorrelated034,Minknap
SimilarWeightsUncorrelated035,Minknap
SimilarWeightsUncorrelated036,Minknap
SimilarWeightsUncorrelated037,Minknap
SimilarWeightsUncorrelated038,Minknap
SimilarWeightsUncorrelated039,Minknap
SimilarWeightsUncorrelated040,Combo
SimilarWeightsUncorrelated041,Combo
SimilarWeightsUncorrelated042,Minknap
SimilarWeightsUncorrelated043,Combo
SimilarWeightsUncorrelated044,Minknap
SimilarWeightsUncorrelated045,Combo
SimilarWeightsUncorrelated046,Minknap
SimilarWeightsUncorrelated047,Combo
SimilarWeightsUncorrelated048,Combo
SimilarWeightsUncorrelated049,Combo
SimilarWeightsUncorrelated050,Minknap
SimilarWeightsUncorrelated051,Combo
SimilarWeightsUncorrelated052,Combo
SimilarWeightsUncorrelated053,Combo
SimilarWeightsUncorrelated054,Minknap
SimilarWeightsUncorrelated055,Combo
SimilarWeightsUncorrelated056,Combo
SimilarWeightsUncorrelated057,Combo
SimilarWeightsUncorrelated058,Combo
SimilarWeightsUncorrelated059,Combo
SimilarWeightsUncorrelated060,Combo
SimilarWeightsUncorrelated061,Combo
SimilarWeightsUncorrelated062,Combo
SimilarWeightsUncorrelated063,Combo
SimilarWeightsUncorrelated064,Combo
SimilarWeightsUncorrelated065,Combo
SimilarWeightsUncorrelated066,Combo
SimilarWeightsUncorrelated067,Combo
SimilarWeightsUncorrelated068,Minknap
SimilarWeightsUncorrelated069,Minknap
SimilarWeightsUncorrelated070,Minknap
SimilarWeightsUncorrelated071,Minknap
SimilarWeightsUncorrelated072,Combo
SimilarWeightsUncorrelated073,Combo
SimilarWeightsUncorrelated074,Minknap
SimilarWeightsUncorrelated075,Combo
SimilarWeightsUncorrelated076,Combo
SimilarWeightsUncorrelated077,Combo
SimilarWeightsUncorrelated078,Combo
SimilarWeightsUncorrelated079,Combo
SimilarWeightsUncorrelated080,Combo
SimilarWeightsUncorrelated081,Combo
SimilarWeightsUncorrelated082,Combo
SimilarWeightsUncorrelated083,Combo
SimilarWeightsUncorrelated084,Combo
SimilarWeightsUncorrelated085,Combo
SimilarWeightsUncorrelated086,Combo
SimilarWeightsUncorrelated087,Combo
SimilarWeightsUncorrelated088,Minknap
SimilarWeightsUncorrelated089,Minknap
SimilarWeightsUncorrelated090,Minknap
SimilarWeightsUncorrelated091,Combo
SimilarWeightsUncorrelated092,Combo
SimilarWeightsUncorrelated093,Combo
SimilarWeightsUncorrelated094,Minknap
SimilarWeightsUncorrelated095,Combo
SimilarWeightsUncorrelated096,Minknap
SimilarWeightsUncorrelated097,Minknap
SimilarWeightsUncorrelated098,Minknap
SimilarWeightsUncorrelated099,Combo
SimilarWeightsUncorrelated100,Combo
SimilarWeightsUncorrelated101,Combo
SimilarWeightsUncorrelated102,Combo
SimilarWeightsUncorrelated103,Combo
SimilarWeightsUncorrelated104,Combo
SimilarWeightsUncorrelated105,Combo
SimilarWeightsUncorrelated106,Combo
SimilarWeightsUncorrelated107,Combo
SimilarWeightsUncorrelated108,Combo
SimilarWeightsUncorrelated109,Minknap
SimilarWeightsUncorrelated110,Minknap
SimilarWeightsUncorrelated111,Minknap
SimilarWeightsUncorrelated112,Expknap
SimilarWeightsUncorrelated113,Combo
SimilarWeightsUncorrelated114,Combo
SimilarWeightsUncorrelated115,Combo
SimilarWeightsUncorrelated116,Combo
SimilarWeightsUncorrelated117,Combo
SimilarWeightsUncorrelated118,Combo
SimilarWeightsUncorrelated119,Combo
SimilarWeightsUncorrelated120,Combo
SimilarWeightsUncorrelated121,Minknap
SimilarWeightsUncorrelated122,Combo
SimilarWeightsUncorrelated123,Minknap
SimilarWeightsUncorrelated124,Minknap
SimilarWeightsUncorrelated125,Combo
SimilarWeightsUncorrelated126,Minknap
SimilarWeightsUncorrelated127,Minknap
SimilarWeightsUncorrelated128,Minknap
SimilarWeightsUncorrelated129,Combo
SimilarWeightsUncorrelated130,Combo
SimilarWeightsUncorrelated131,Minknap
SimilarWeightsUncorrelated132,Minknap
SimilarWeightsUncorrelated133,Minknap
SimilarWeightsUncorrelated134,Minknap
SimilarWeightsUncorrelated135,Minknap
SimilarWeightsUncorrelated136,Minknap
SimilarWeightsUncorrelated137,Minknap
SimilarWeightsUncorrelated138,Combo
SimilarWeightsUncorrelated139,Minknap
SimilarWeightsUncorrelated140,Minknap
SimilarWeightsUncorrelated141,Minknap
SimilarWeightsUncorrelated142,Combo
SimilarWeightsUncorrelated143,Minknap
SimilarWeightsUncorrelated144,Combo
SimilarWeightsUncorrelated145,Combo
SimilarWeightsUncorrelated146,Combo
SimilarWeightsUncorrelated147,Minknap
SimilarWeightsUncorrelated148,Combo
SimilarWeightsUncorrelated149,Combo
SimilarWeightsUncorrelated150,Combo
SimilarWeightsUncorrelated151,Combo
SimilarWeightsUncorrelated152,Combo
SimilarWeightsUncorrelated153,Combo
SimilarWeightsUncorrelated154,Combo
SimilarWeightsUncorrelated155,Combo
SimilarWeightsUncorrelated156,Minknap
SimilarWeightsUncorrelated157,Expknap
SimilarWeightsUncorrelated158,Expknap
SimilarWeightsUncorrelated159,Minknap
SimilarWeightsUncorrelated160,Combo
SimilarWeightsUncorrelated161,Combo
SimilarWeightsUncorrelated162,Combo
SimilarWeightsUncorrelated163,Expknap
SimilarWeightsUncorrelated164,Combo
SimilarWeightsUncorrelated165,Combo
SimilarWeightsUncorrelated166,Combo
SimilarWeightsUncorrelated167,Expknap
SimilarWeightsUncorrelated168,Expknap
SimilarWeightsUncorrelated169,Combo
SimilarWeightsUncorrelated170,Minknap
SimilarWeightsUncorrelated171,Combo
SimilarWeightsUncorrelated172,Combo
SimilarWeightsUncorrelated173,Minknap
SimilarWeightsUncorrelated174,Combo
SimilarWeightsUncorrelated175,Combo
SimilarWeightsUncorrelated176,Minknap
SimilarWeightsUncorrelated177,Combo
SimilarWeightsUncorrelated178,Minknap
SimilarWeightsUncorrelated179,Minknap
SimilarWeightsUncorrelated180,Minknap
SimilarWeightsUncorrelated181,Minknap
SimilarWeightsUncorrelated182,Minknap
SimilarWeightsUncorrelated183,Minknap
SimilarWeightsUncorrelated184,Combo
SimilarWeightsUncorrelated185,Minknap
SimilarWeightsUncorrelated186,Minknap
SimilarWeightsUncorrelated187,Minknap
SimilarWeightsUncorrelated188,Minknap
SimilarWeightsUncorrelated189,Combo
SimilarWeightsUncorrelated190,Combo
SimilarWeightsUncorrelated191,Minknap
SimilarWeightsUncorrelated192,Minknap
SimilarWeightsUncorrelated193,Minknap
SimilarWeightsUncorrelated194,Minknap
SimilarWeightsUncorrelated195,Expknap
SimilarWeightsUncorrelated196,Expknap
SimilarWeightsUncorrelated197,Expknap
SimilarWeightsUncorrelated198,Expknap
SimilarWeightsUncorrelated199,Expknap
SimilarWeightsUncorrelated200,Expknap
SpannerStrong001,Combo
SpannerStrong002,Combo
SpannerStrong003,Combo
SpannerStrong004,Combo
SpannerStrong005,Combo
SpannerStrong006,Combo
SpannerStrong007,Combo
SpannerStrong008,Minknap
SpannerStrong009,Combo
SpannerStrong010,Combo
SpannerStrong011,Combo
SpannerStrong012,Combo
SpannerStrong013,Minknap
SpannerStrong014,Minknap
SpannerStrong015,Combo
SpannerStrong016,Combo
SpannerStrong017,Minknap
SpannerStrong018,Combo
SpannerStrong019,Combo
SpannerStrong020,Combo
SpannerStrong021,Minknap
SpannerStrong022,Expknap
SpannerStrong023,Combo
SpannerStrong024,Minknap
SpannerStrong025,Combo
SpannerStrong026,Combo
SpannerStrong027,Minknap
SpannerStrong028,Combo
SpannerStrong029,Combo
SpannerStrong030,Minknap
SpannerStrong031,Combo
SpannerStrong032,Minknap
SpannerStrong033,Combo
SpannerStrong034,Minknap
SpannerStrong035,Combo
SpannerStrong036,Combo
SpannerStrong037,Minknap
SpannerStrong038,Combo
SpannerStrong039,Minknap
SpannerStrong040,Minknap
SpannerStrong041,Minknap
SpannerStrong042,Combo
SpannerStrong043,Expknap
SpannerStrong044,Combo
SpannerStrong045,Combo
SpannerStrong046,Combo
SpannerStrong047,Combo
SpannerStrong048,Combo
SpannerStrong049,Combo
SpannerStrong050,Minknap
SpannerStrong051,Combo
SpannerStrong052,Combo
SpannerStrong053,Minknap
SpannerStrong054,Minknap
SpannerStrong055,Combo
SpannerStrong056,Combo
SpannerStrong057,Combo
SpannerStrong058,Minknap
SpannerStrong059,Combo
SpannerStrong060,Combo
SpannerStrong061,Combo
SpannerStrong062,Combo
SpannerStrong063,Combo
SpannerStrong064,Minknap
SpannerStrong065,Combo
SpannerStrong066,Combo
SpannerStrong067,Combo
SpannerStrong068,Combo
SpannerStrong069,Expknap
SpannerStrong070,Combo
SpannerStrong071,Combo
SpannerStrong072,Combo
SpannerStrong073,Combo
SpannerStrong074,Combo
SpannerStrong075,Combo
SpannerStrong076,Combo
SpannerStrong077,Combo
SpannerStrong078,Minknap
SpannerStrong079,Combo
SpannerStrong080,Combo
SpannerStrong081,Combo
SpannerStrong082,Minknap
SpannerStrong083,Combo
SpannerStrong084,Combo
SpannerStrong085,Minknap
SpannerStrong086,Combo
SpannerStrong087,Minknap
SpannerStrong088,Combo
SpannerStrong089,Combo
SpannerStrong090,Combo
SpannerStrong091,Combo
SpannerStrong092,Minknap
SpannerStrong093,Combo
SpannerStrong094,Combo
SpannerStrong095,Combo
SpannerStrong096,Combo
SpannerStrong097,Combo
SpannerStrong098,Minknap
SpannerStrong099,Combo
SpannerStrong100,Combo
SpannerStrong101,Combo
SpannerStrong102,Combo
SpannerStrong103,Minknap
SpannerStrong104,Combo
SpannerStrong105,Minknap
SpannerStrong106,Minknap
SpannerStrong107,Minknap
SpannerStrong108,Minknap
SpannerStrong109,Expknap
SpannerStrong110,Minknap
SpannerStrong111,Minknap
SpannerStrong112,Minknap
SpannerStrong113,Minknap
SpannerStrong114,Combo
SpannerStrong115,Minknap
SpannerStrong116,Combo
SpannerStrong117,Combo
SpannerStrong118,Combo
SpannerStrong119,Minknap
SpannerStrong120,Combo
SpannerStrong121,Combo
SpannerStrong122,Minknap
SpannerStrong123,Minknap
SpannerStrong124,Combo
SpannerStrong125,Minknap
SpannerStrong126,Minknap
SpannerStrong127,Minknap
SpannerStrong128,Minknap
SpannerStrong129,Minknap
SpannerStrong130,Minknap
SpannerStrong131,Minknap
SpannerStrong132,Minknap
SpannerStrong133,Minknap
SpannerStrong134,Minknap
SpannerStrong135,Combo
SpannerStrong136,Minknap
SpannerStrong137,Minknap
SpannerStrong138,Minknap
SpannerStrong139,Minknap
SpannerStrong140,Minknap
SpannerStrong141,Minknap
SpannerStrong142,Expknap
SpannerStrong143,Minknap
SpannerStrong144,Minknap
SpannerStrong145,Minknap
SpannerStrong146,Minknap
SpannerStrong147,Combo
SpannerStrong148,Combo
SpannerStrong149,Minknap
SpannerStrong150,Minknap
SpannerStrong151,Minknap
SpannerStrong152,Minknap
SpannerStrong153,Minknap
SpannerStrong154,Minknap
SpannerStrong155,Minknap
SpannerStrong156,Minknap
SpannerStrong157,Minknap
SpannerStrong158,Combo
SpannerStrong159,Minknap
SpannerStrong160,Minknap
SpannerStrong161,Minknap
SpannerStrong162,Minknap
SpannerStrong163,Expknap
SpannerStrong164,Minknap
SpannerStrong165,Minknap
SpannerStrong166,Minknap
SpannerStrong167,Minknap
SpannerStrong168,Combo
SpannerStrong169,Minknap
SpannerStrong170,Minknap
SpannerStrong171,Combo
SpannerStrong172,Combo
SpannerStrong173,Minknap
SpannerStrong174,Minknap
SpannerStrong175,Minknap
SpannerStrong176,Minknap
SpannerStrong177,Minknap
SpannerStrong178,Minknap
SpannerStrong179,Minknap
SpannerStrong180,Minknap
SpannerStrong181,Minknap
SpannerStrong182,Minknap
SpannerStrong183,Minknap
SpannerStrong184,Minknap
SpannerStrong185,Minknap
SpannerStrong186,Minknap
SpannerStrong187,Minknap
SpannerStrong188,Minknap
SpannerStrong189,Minknap
SpannerStrong190,Minknap
SpannerStrong191,Minknap
SpannerStrong192,Minknap
SpannerStrong193,Minknap
SpannerStrong194,Minknap
SpannerStrong195,Minknap
SpannerStrong196,Minknap
SpannerStrong197,Minknap
SpannerStrong198,Minknap
SpannerStrong199,Minknap
SpannerStrong200,Minknap
SpannerUncorrelated001,Minknap
SpannerUncorrelated002,Combo
SpannerUncorrelated003,Combo
SpannerUncorrelated004,Combo
SpannerUncorrelated005,Minknap
SpannerUncorrelated006,Combo
SpannerUncorrelated007,Combo
SpannerUncorrelated008,Combo
SpannerUncorrelated009,Minknap
SpannerUncorrelated010,Combo
SpannerUncorrelated011,Combo
SpannerUncorrelated012,Combo
SpannerUncorrelated013,Combo
SpannerUncorrelated014,Combo
SpannerUncorrelated015,Combo
SpannerUncorrelated016,Combo
SpannerUncorrelated017,Combo
SpannerUncorrelated018,Expknap
SpannerUncorrelated019,Combo
SpannerUncorrelated020,Combo
SpannerUncorrelated021,Combo
SpannerUncorrelated022,Combo
SpannerUncorrelated023,Combo
SpannerUncorrelated024,Combo
SpannerUncorrelated025,Combo
SpannerUncorrelated026,Combo
SpannerUncorrelated027,Minknap
SpannerUncorrelated028,Minknap
SpannerUncorrelated029,Minknap
SpannerUncorrelated030,Combo
SpannerUncorrelated031,Minknap
SpannerUncorrelated032,Expknap
SpannerUncorrelated033,Combo
SpannerUncorrelated034,Combo
SpannerUncorrelated035,Minknap
SpannerUncorrelated036,Combo
SpannerUncorrelated037,Combo
SpannerUncorrelated038,Combo
SpannerUncorrelated039,Combo
SpannerUncorrelated040,Combo
SpannerUncorrelated041,Combo
SpannerUncorrelated042,Combo
SpannerUncorrelated043,Combo
SpannerUncorrelated044,Combo
SpannerUncorrelated045,Combo
SpannerUncorrelated046,Combo
SpannerUncorrelated047,Combo
SpannerUncorrelated048,Combo
SpannerUncorrelated049,Combo
SpannerUncorrelated050,Minknap
SpannerUncorrelated051,Expknap
SpannerUncorrelated052,Combo
SpannerUncorrelated053,Combo
SpannerUncorrelated054,Combo
SpannerUncorrelated055,Combo
SpannerUncorrelated056,Combo
SpannerUncorrelated057,Combo
SpannerUncorrelated058,Expknap
SpannerUncorrelated059,Combo
SpannerUncorrelated060,Combo
SpannerUncorrelated061,Combo
SpannerUncorrelated062,Combo
SpannerUncorrelated063,Combo
SpannerUncorrelated064,Combo
SpannerUncorrelated065,Combo
SpannerUncorrelated066,Combo
SpannerUncorrelated067,Combo
SpannerUncorrelated068,Combo
SpannerUncorrelated069,Combo
SpannerUncorrelated070,Combo
SpannerUncorrelated071,Combo
SpannerUncorrelated072,Combo
SpannerUncorrelated073,Combo
SpannerUncorrelated074,Combo
SpannerUncorrelated075,Combo
SpannerUncorrelated076,Combo
SpannerUncorrelated077,Combo
SpannerUncorrelated078,Combo
SpannerUncorrelated079,Combo
SpannerUncorrelated080,Combo
SpannerUncorrelated081,Combo
SpannerUncorrelated082,Combo
SpannerUncorrelated083,Combo
SpannerUncorrelated084,Combo
SpannerUncorrelated085,Combo
SpannerUncorrelated086,Combo
SpannerUncorrelated087,Minknap
SpannerUncorrelated088,Minknap
SpannerUncorrelated089,Minknap
SpannerUncorrelated090,Combo
SpannerUncorrelated091,Combo
SpannerUncorrelated092,Combo
SpannerUncorrelated093,Combo
SpannerUncorrelated094,Combo
SpannerUncorrelated095,Combo
SpannerUncorrelated096,Combo
SpannerUncorrelated097,Combo
SpannerUncorrelated098,Combo
SpannerUncorrelated099,Combo
SpannerUncorrelated100,Combo
SpannerUncorrelated101,Combo
SpannerUncorrelated102,Combo
SpannerUncorrelated103,Combo
SpannerUncorrelated104,Expknap
SpannerUncorrelated105,Combo
SpannerUncorrelated106,Combo
SpannerUncorrelated107,Combo
SpannerUncorrelated108,Combo
SpannerUncorrelated109,Combo
SpannerUncorrelated110,Combo
SpannerUncorrelated111,Combo
SpannerUncorrelated112,Combo
SpannerUncorrelated113,Combo
SpannerUncorrelated114,Combo
SpannerUncorrelated115,Combo
SpannerUncorrelated116,Combo
SpannerUncorrelated117,Combo
SpannerUncorrelated118,Combo
SpannerUncorrelated119,Minknap
SpannerUncorrelated120,Combo
SpannerUncorrelated121,Combo
SpannerUncorrelated122,Combo
SpannerUncorrelated123,Combo
SpannerUncorrelated124,Combo
SpannerUncorrelated125,Combo
SpannerUncorrelated126,Combo
SpannerUncorrelated127,Combo
SpannerUncorrelated128,Minknap
SpannerUncorrelated129,Minknap
SpannerUncorrelated130,Minknap
SpannerUncorrelated131,Minknap
SpannerUncorrelated132,Minknap
SpannerUncorrelated133,Minknap
SpannerUncorrelated134,Combo
SpannerUncorrelated135,Combo
SpannerUncorrelated136,Combo
SpannerUncorrelated137,Combo
SpannerUncorrelated138,Combo
SpannerUncorrelated139,Combo
SpannerUncorrelated140,Expknap
SpannerUncorrelated141,Minknap
SpannerUncorrelated142,Combo
SpannerUncorrelated143,Minknap
SpannerUncorrelated144,Expknap
SpannerUncorrelated145,Combo
SpannerUncorrelated146,Combo
SpannerUncorrelated147,Minknap
SpannerUncorrelated148,Combo
SpannerUncorrelated149,Combo
SpannerUncorrelated150,Combo
SpannerUncorrelated151,Expknap
SpannerUncorrelated152,Combo
SpannerUncorrelated153,Minknap
SpannerUncorrelated154,Combo
SpannerUncorrelated155,Expknap
SpannerUncorrelated156,Minknap
SpannerUncorrelated157,Combo
SpannerUncorrelated158,Combo
SpannerUncorrelated159,Combo
SpannerUncorrelated160,Combo
SpannerUncorrelated161,Combo
SpannerUncorrelated162,Combo
SpannerUncorrelated163,Combo
SpannerUncorrelated164,Combo
SpannerUncorrelated165,Combo
SpannerUncorrelated166,Expknap
SpannerUncorrelated167,Minknap
SpannerUncorrelated168,Minknap
SpannerUncorrelated169,Combo
SpannerUncorrelated170,Combo
SpannerUncorrelated171,Combo
SpannerUncorrelated172,Combo
SpannerUncorrelated173,Combo
SpannerUncorrelated174,Combo
SpannerUncorrelated175,Combo
SpannerUncorrelated176,Combo
SpannerUncorrelated177,Combo
SpannerUncorrelated178,Combo
SpannerUncorrelated179,Combo
SpannerUncorrelated180,Combo
SpannerUncorrelated181,Combo
SpannerUncorrelated182,Combo
SpannerUncorrelated183,Combo
SpannerUncorrelated184,Combo
SpannerUncorrelated185,Minknap
SpannerUncorrelated186,Minknap
SpannerUncorrelated187,Combo
SpannerUncorrelated188,Combo
SpannerUncorrelated189,Combo
SpannerUncorrelated190,Expknap
SpannerUncorrelated191,Combo
SpannerUncorrelated192,Expknap
SpannerUncorrelated193,Minknap
SpannerUncorrelated194,Minknap
SpannerUncorrelated195,Minknap
SpannerUncorrelated196,Minknap
SpannerUncorrelated197,Combo
SpannerUncorrelated198,Combo
SpannerUncorrelated199,Combo
SpannerUncorrelated200,Combo
SpannerWeak001,Combo
SpannerWeak002,Combo
SpannerWeak003,Combo
SpannerWeak004,Minknap
SpannerWeak005,Minknap
SpannerWeak006,Combo
SpannerWeak007,Combo
SpannerWeak008,Combo
SpannerWeak009,Expknap
SpannerWeak010,Combo
SpannerWeak011,Combo
SpannerWeak012,Minknap
SpannerWeak013,Combo
SpannerWeak014,Combo
SpannerWeak015,Combo
SpannerWeak016,Minknap
SpannerWeak017,Combo
SpannerWeak018,Combo
SpannerWeak019,Combo
SpannerWeak020,Combo
SpannerWeak021,Minknap
SpannerWeak022,Combo
SpannerWeak023,Minknap
SpannerWeak024,Combo
SpannerWeak025,Combo
SpannerWeak026,Combo
SpannerWeak027,Combo
SpannerWeak028,Combo
SpannerWeak029,Combo
SpannerWeak030,Combo
SpannerWeak031,Combo
SpannerWeak032,Minknap
SpannerWeak033,Minknap
SpannerWeak034,Minknap
SpannerWeak035,Minknap
SpannerWeak036,Minknap
SpannerWeak037,Minknap
SpannerWeak038,Minknap
SpannerWeak039,Minknap
SpannerWeak040,Minknap
SpannerWeak041,Combo
SpannerWeak042,Combo
SpannerWeak043,Combo
SpannerWeak044,Minknap
SpannerWeak045,Minknap
SpannerWeak046,Combo
SpannerWeak047,Minknap
SpannerWeak048,Minknap
SpannerWeak049,Combo
SpannerWeak050,Combo
SpannerWeak051,Minknap
SpannerWeak052,Combo
SpannerWeak053,Minknap
SpannerWeak054,Minknap
SpannerWeak055,Minknap
SpannerWeak056,Minknap
SpannerWeak057,Combo
SpannerWeak058,Minknap
SpannerWeak059,Combo
SpannerWeak060,Combo
SpannerWeak061,Combo
SpannerWeak062,Combo
SpannerWeak063,Combo
SpannerWeak064,Combo
SpannerWeak065,Combo
SpannerWeak066,Minknap
SpannerWeak067,Combo
SpannerWeak068,Combo
SpannerWeak069,Combo
SpannerWeak070,Combo
SpannerWeak071,Combo
SpannerWeak072,Combo
SpannerWeak073,Combo
SpannerWeak074,Minknap
SpannerWeak075,Combo
SpannerWeak076,Combo
SpannerWeak077,Combo
SpannerWeak078,Combo
SpannerWeak079,Combo
SpannerWeak080,Combo
SpannerWeak081,Combo
SpannerWeak082,Minknap
SpannerWeak083,Combo
SpannerWeak084,Combo
SpannerWeak085,Combo
SpannerWeak086,Combo
SpannerWeak087,Combo
SpannerWeak088,Combo
SpannerWeak089,Combo
SpannerWeak090,Combo
SpannerWeak091,Combo
SpannerWeak092,Combo
SpannerWeak093,Minknap
SpannerWeak094,Combo
SpannerWeak095,Combo
SpannerWeak096,Combo
SpannerWeak097,Combo
SpannerWeak098,Minknap
SpannerWeak099,Combo
SpannerWeak100,Combo
SpannerWeak101,Combo
SpannerWeak102,Minknap
SpannerWeak103,Minknap
SpannerWeak104,Minknap
SpannerWeak105,Minknap
SpannerWeak106,Combo
SpannerWeak107,Combo
SpannerWeak108,Combo
SpannerWeak109,Combo
SpannerWeak110,Expknap
SpannerWeak111,Combo
SpannerWeak112,Combo
SpannerWeak113,Minknap
SpannerWeak114,Combo
SpannerWeak115,Combo
SpannerWeak116,Minknap
SpannerWeak117,Combo
SpannerWeak118,Combo
SpannerWeak119,Combo
SpannerWeak120,Combo
SpannerWeak121,Combo
SpannerWeak122,Combo
SpannerWeak123,Combo
SpannerWeak124,Combo
SpannerWeak125,Combo
SpannerWeak126,Combo
SpannerWeak127,Combo
SpannerWeak128,Combo
SpannerWeak129,Combo
SpannerWeak130,Combo
SpannerWeak131,Combo
SpannerWeak132,Minknap
SpannerWeak133,Combo
SpannerWeak134,Combo
SpannerWeak135,Combo
SpannerWeak136,Combo
SpannerWeak137,Minknap
SpannerWeak138,Minknap
SpannerWeak139,Minknap
SpannerWeak140,Minknap
SpannerWeak141,Combo
SpannerWeak142,Expknap
SpannerWeak143,Combo
SpannerWeak144,Combo
SpannerWeak145,Combo
SpannerWeak146,Minknap
SpannerWeak147,Combo
SpannerWeak148,Combo
SpannerWeak149,Combo
SpannerWeak150,Combo
SpannerWeak151,Combo
SpannerWeak152,Combo
SpannerWeak153,Combo
SpannerWeak154,Combo
SpannerWeak155,Minknap
SpannerWeak156,Combo
SpannerWeak157,Combo
SpannerWeak158,Combo
SpannerWeak159,Combo
SpannerWeak160,Minknap
SpannerWeak161,Expknap
SpannerWeak162,Minknap
SpannerWeak163,Combo
SpannerWeak164,Minknap
SpannerWeak165,Combo
SpannerWeak166,Combo
SpannerWeak167,Combo
SpannerWeak168,Combo
SpannerWeak169,Minknap
SpannerWeak170,Combo
SpannerWeak171,Combo
SpannerWeak172,Combo
SpannerWeak173,Minknap
SpannerWeak174,Combo
SpannerWeak175,Expknap
SpannerWeak176,Combo
SpannerWeak177,Combo
SpannerWeak178,Minknap
SpannerWeak179,Combo
SpannerWeak180,Combo
SpannerWeak181,Minknap
SpannerWeak182,Combo
SpannerWeak183,Combo
SpannerWeak184,Combo
SpannerWeak185,Combo
SpannerWeak186,Minknap
SpannerWeak187,Combo
SpannerWeak188,Combo
SpannerWeak189,Combo
SpannerWeak190,Minknap
SpannerWeak191,Minknap
SpannerWeak192,Combo
SpannerWeak193,Minknap
SpannerWeak194,Combo
SpannerWeak195,Minknap
SpannerWeak196,Combo
SpannerWeak197,Expknap
SpannerWeak198,Expknap
SpannerWeak199,Minknap
SpannerWeak200,Combo
Strong001,Combo
Strong002,Combo
Strong003,Combo
Strong004,Combo
Strong005,Combo
Strong006,Combo
Strong007,Combo
Strong008,Combo
Strong009,Combo
Strong010,Combo
Strong011,Combo
Strong012,Combo
Strong013,Combo
Strong014,Combo
Strong015,Combo
Strong016,Combo
Strong017,Combo
Strong018,Combo
Strong019,Combo
Strong020,Combo
Strong021,Combo
Strong022,Combo
Strong023,Combo
Strong024,Combo
Strong025,Combo
Strong026,Combo
Strong027,Combo
Strong028,Combo
Strong029,Combo
Strong030,Combo
Strong031,Combo
Strong032,Combo
Strong033,Combo
Strong034,Combo
Strong035,Combo
Strong036,Combo
Strong037,Combo
Strong038,Combo
Strong039,Combo
Strong040,Combo
Strong041,Combo
Strong042,Combo
Strong043,Combo
Strong044,Combo
Strong045,Combo
Strong046,Expknap
Strong047,Combo
Strong048,Combo
Strong049,Combo
Strong050,Combo
Strong051,Combo
Strong052,Combo
Strong053,Combo
Strong054,Combo
Strong055,Combo
Strong056,Combo
Strong057,Combo
Strong058,Combo
Strong059,Combo
Strong060,Combo
Strong061,Combo
Strong062,Combo
Strong063,Combo
Strong064,Combo
Strong065,Combo
Strong066,Combo
Strong067,Combo
Strong068,Combo
Strong069,Combo
Strong070,Combo
Strong071,Combo
Strong072,Combo
Strong073,Combo
Strong074,Combo
Strong075,Combo
Strong076,Combo
Strong077,Combo
Strong078,Combo
Strong079,Combo
Strong080,Combo
Strong081,Combo
Strong082,Combo
Strong083,Combo
Strong084,Combo
Strong085,Combo
Strong086,Combo
Strong087,Combo
Strong088,Combo
Strong089,Combo
Strong090,Combo
Strong091,Combo
Strong092,Combo
Strong093,Combo
Strong094,Combo
Strong095,Combo
Strong096,Combo
Strong097,Combo
Strong098,Combo
Strong099,Combo
Strong100,Combo
Strong101,Combo
Strong102,Combo
Strong103,Combo
Strong104,Combo
Strong105,Combo
Strong106,Combo
Strong107,Combo
Strong108,Combo
Strong109,Combo
Strong110,Combo
Strong111,Combo
Strong112,Combo
Strong113,Combo
Strong114,Combo
Strong115,Combo
Strong116,Combo
Strong117,Combo
Strong118,Combo
Strong119,Combo
Strong120,Combo
Strong121,Combo
Strong122,Combo
Strong123,Combo
Strong124,Combo
Strong125,Combo
Strong126,Combo
Strong127,Combo
Strong128,Combo
Strong129,Combo
Strong130,Combo
Strong131,Combo
Strong132,Combo
Strong133,Combo
Strong134,Combo
Strong135,Expknap
Strong136,Combo
Strong137,Combo
Strong138,Combo
Strong139,Combo
Strong140,Combo
Strong141,Combo
Strong142,Combo
Strong143,Combo
Strong144,Combo
Strong145,Combo
Strong146,Combo
Strong147,Minknap
Strong148,Combo
Strong149,Combo
Strong150,Combo
Strong151,Combo
Strong152,Combo
Strong153,Expknap
Strong154,Combo
Strong155,Combo
Strong156,Combo
Strong157,Combo
Strong158,Combo
Strong159,Combo
Strong160,Combo
Strong161,Combo
Strong162,Combo
Strong163,Combo
Strong164,Combo
Strong165,Combo
Strong166,Combo
Strong167,Combo
Strong168,Combo
Strong169,Combo
Strong170,Combo
Strong171,Combo
Strong172,Combo
Strong173,Combo
Strong174,Combo
Strong175,Combo
Strong176,Combo
Strong177,Combo
Strong178,Combo
Strong179,Combo
Strong180,Combo
Strong181,Combo
Strong182,Combo
Strong183,Combo
Strong184,Combo
Strong185,Combo
Strong186,Combo
Strong187,Combo
Strong188,Combo
Strong189,Combo
Strong190,Combo
Strong191,Combo
Strong192,Combo
Strong193,Combo
Strong194,Combo
Strong195,Combo
Strong196,Combo
Strong197,Combo
Strong198,Combo
Strong199,Combo
Strong200,Combo
SubsetSum001,Expknap
SubsetSum002,Expknap
SubsetSum003,Expknap
SubsetSum004,Expknap
SubsetSum005,Minknap
SubsetSum006,Minknap
SubsetSum007,Expknap
SubsetSum008,Expknap
SubsetSum009,Expknap
SubsetSum010,Combo
SubsetSum011,Combo
SubsetSum012,Expknap
SubsetSum013,Minknap
SubsetSum014,Expknap
SubsetSum015,Expknap
SubsetSum016,Expknap
SubsetSum017,Expknap
SubsetSum018,Minknap
SubsetSum019,Expknap
SubsetSum020,Expknap
SubsetSum021,Expknap
SubsetSum022,Minknap
SubsetSum023,Expknap
SubsetSum024,Expknap
SubsetSum025,Expknap
SubsetSum026,Minknap
SubsetSum027,Expknap
SubsetSum028,Expknap
SubsetSum029,Minknap
SubsetSum030,Expknap
SubsetSum031,Expknap
SubsetSum032,Expknap
SubsetSum033,Expknap
SubsetSum034,Minknap
SubsetSum035,Expknap
SubsetSum036,Expknap
SubsetSum037,Minknap
SubsetSum038,Expknap
SubsetSum039,Expknap
SubsetSum040,Expknap
SubsetSum041,Expknap
SubsetSum042,Combo
SubsetSum043,Expknap
SubsetSum044,Expknap
SubsetSum045,Minknap
SubsetSum046,Minknap
SubsetSum047,Expknap
SubsetSum048,Expknap
SubsetSum049,Expknap
SubsetSum050,Expknap
SubsetSum051,Expknap
SubsetSum052,Combo
SubsetSum053,Expknap
SubsetSum054,Expknap
SubsetSum055,Expknap
SubsetSum056,Expknap
SubsetSum057,Expknap
SubsetSum058,Expknap
SubsetSum059,Expknap
SubsetSum060,Expknap
SubsetSum061,Expknap
SubsetSum062,Combo
SubsetSum063,Expknap
SubsetSum064,Expknap
SubsetSum065,Expknap
SubsetSum066,Expknap
SubsetSum067,Expknap
SubsetSum068,Combo
SubsetSum069,Expknap
SubsetSum070,Expknap
SubsetSum071,Combo
SubsetSum072,Expknap
SubsetSum073,Combo
SubsetSum074,Combo
SubsetSum075,Expknap
SubsetSum076,Expknap
SubsetSum077,Expknap
SubsetSum078,Expknap
SubsetSum079,Expknap
SubsetSum080,Expknap
SubsetSum081,Combo
SubsetSum082,Expknap
SubsetSum083,Expknap
SubsetSum084,Expknap
SubsetSum085,Minknap
SubsetSum086,Expknap
SubsetSum087,Expknap
SubsetSum088,Expknap
SubsetSum089,Combo
SubsetSum090,Expknap
SubsetSum091,Minknap
SubsetSum092,Minknap
SubsetSum093,Expknap
SubsetSum094,Combo
SubsetSum095,Combo
SubsetSum096,Expknap
SubsetSum097,Expknap
SubsetSum098,Expknap
SubsetSum099,Expknap
SubsetSum100,Expknap
SubsetSum101,Expknap
SubsetSum102,Combo
SubsetSum103,Expknap
SubsetSum104,Combo
SubsetSum105,Expknap
SubsetSum106,Combo
SubsetSum107,Expknap
SubsetSum108,Expknap
SubsetSum109,Expknap
SubsetSum110,Expknap
SubsetSum111,Combo
SubsetSum112,Expknap
SubsetSum113,Expknap
SubsetSum114,Expknap
SubsetSum115,Expknap
SubsetSum116,Expknap
SubsetSum117,Expknap
SubsetSum118,Expknap
SubsetSum119,Expknap
SubsetSum120,Expknap
SubsetSum121,Minknap
SubsetSum122,Combo
SubsetSum123,Expknap
SubsetSum124,Combo
SubsetSum125,Minknap
SubsetSum126,Expknap
SubsetSum127,Minknap
SubsetSum128,Expknap
SubsetSum129,Expknap
SubsetSum130,Expknap
SubsetSum131,Minknap
SubsetSum132,Expknap
SubsetSum133,Expknap
SubsetSum134,Expknap
SubsetSum135,Expknap
SubsetSum136,Expknap
SubsetSum137,Expknap
SubsetSum138,Expknap
SubsetSum139,Expknap
SubsetSum140,Expknap
SubsetSum141,Expknap
SubsetSum142,Expknap
SubsetSum143,Expknap
SubsetSum144,Expknap
SubsetSum145,Expknap
SubsetSum146,Expknap
SubsetSum147,Expknap
SubsetSum148,Expknap
SubsetSum149,Expknap
SubsetSum150,Combo
SubsetSum151,Expknap
SubsetSum152,Expknap
SubsetSum153,Expknap
SubsetSum154,Minknap
SubsetSum155,Expknap
SubsetSum156,Expknap
SubsetSum157,Expknap
SubsetSum158,Combo
SubsetSum159,Expknap
SubsetSum160,Combo
SubsetSum161,Combo
SubsetSum162,Expknap
SubsetSum163,Expknap
SubsetSum164,Expknap
SubsetSum165,Expknap
SubsetSum166,Minknap
SubsetSum167,Combo
SubsetSum168,Expknap
SubsetSum169,Combo
SubsetSum170,Expknap
SubsetSum171,Expknap
SubsetSum172,Expknap
SubsetSum173,Expknap
SubsetSum174,Expknap
SubsetSum175,Minknap
SubsetSum176,Expknap
SubsetSum177,Expknap
SubsetSum178,Expknap
SubsetSum179,Combo
SubsetSum180,Expknap
SubsetSum181,Expknap
SubsetSum182,Expknap
SubsetSum183,Expknap
SubsetSum184,Expknap
SubsetSum185,Expknap
SubsetSum186,Expknap
SubsetSum187,Expknap
SubsetSum188,Expknap
SubsetSum189,Expknap
SubsetSum190,Expknap
SubsetSum191,Expknap
SubsetSum192,Minknap
SubsetSum193,Expknap
SubsetSum194,Minknap
SubsetSum195,Minknap
SubsetSum196,Combo
SubsetSum197,Expknap
SubsetSum198,Expknap
SubsetSum199,Combo
SubsetSum200,Expknap
Uncorrelated001,Minknap
Uncorrelated002,Expknap
Uncorrelated003,Expknap
Uncorrelated004,Minknap
Uncorrelated005,Expknap
Uncorrelated006,Expknap
Uncorrelated007,Minknap
Uncorrelated008,Expknap
Uncorrelated009,Minknap
Uncorrelated010,Expknap
Uncorrelated011,Expknap
Uncorrelated012,Minknap
Uncorrelated013,Minknap
Uncorrelated014,Combo
Uncorrelated015,Expknap
Uncorrelated016,Minknap
Uncorrelated017,Minknap
Uncorrelated018,Minknap
Uncorrelated019,Combo
Uncorrelated020,Minknap
Uncorrelated021,Expknap
Uncorrelated022,Minknap
Uncorrelated023,Minknap
Uncorrelated024,Minknap
Uncorrelated025,Minknap
Uncorrelated026,Minknap
Uncorrelated027,Minknap
Uncorrelated028,Minknap
Uncorrelated029,Combo
Uncorrelated030,Combo
Uncorrelated031,Minknap
Uncorrelated032,Minknap
Uncorrelated033,Minknap
Uncorrelated034,Combo
Uncorrelated035,Combo
Uncorrelated036,Minknap
Uncorrelated037,Minknap
Uncorrelated038,Minknap
Uncorrelated039,Minknap
Uncorrelated040,Combo
Uncorrelated041,Minknap
Uncorrelated042,Expknap
Uncorrelated043,Expknap
Uncorrelated044,Minknap
Uncorrelated045,Expknap
Uncorrelated046,Minknap
Uncorrelated047,Combo
Uncorrelated048,Combo
Uncorrelated049,Minknap
Uncorrelated050,Expknap
Uncorrelated051,Combo
Uncorrelated052,Minknap
Uncorrelated053,Combo
Uncorrelated054,Combo
Uncorrelated055,Minknap
Uncorrelated056,Expknap
Uncorrelated057,Minknap
Uncorrelated058,Minknap
Uncorrelated059,Combo
Uncorrelated060,Minknap
Uncorrelated061,Minknap
Uncorrelated062,Minknap
Uncorrelated063,Minknap
Uncorrelated064,Minknap
Uncorrelated065,Minknap
Uncorrelated066,Minknap
Uncorrelated067,Expknap
Uncorrelated068,Minknap
Uncorrelated069,Minknap
Uncorrelated070,Minknap
Uncorrelated071,Minknap
Uncorrelated072,Minknap
Uncorrelated073,Minknap
Uncorrelated074,Minknap
Uncorrelated075,Minknap
Uncorrelated076,Minknap
Uncorrelated077,Combo
Uncorrelated078,Combo
Uncorrelated079,Combo
Uncorrelated080,Combo
Uncorrelated081,Minknap
Uncorrelated082,Minknap
Uncorrelated083,Combo
Uncorrelated084,Minknap
Uncorrelated085,Combo
Uncorrelated086,Minknap
Uncorrelated087,Minknap
Uncorrelated088,Minknap
Uncorrelated089,Minknap
Uncorrelated090,Combo
Uncorrelated091,Minknap
Uncorrelated092,Minknap
Uncorrelated093,Combo
Uncorrelated094,Combo
Uncorrelated095,Minknap
Uncorrelated096,Minknap
Uncorrelated097,Expknap
Uncorrelated098,Minknap
Uncorrelated099,Combo
Uncorrelated100,Minknap
Uncorrelated101,Expknap
Uncorrelated102,Combo
Uncorrelated103,Minknap
Uncorrelated104,Minknap
Uncorrelated105,Minknap
Uncorrelated106,Expknap
Uncorrelated107,Combo
Uncorrelated108,Expknap
Uncorrelated109,Expknap
Uncorrelated110,Minknap
Uncorrelated111,Minknap
Uncorrelated112,Minknap
Uncorrelated113,Minknap
Uncorrelated114,Minknap
Uncorrelated115,Combo
Uncorrelated116,Minknap
Uncorrelated117,Minknap
Uncorrelated118,Combo
Uncorrelated119,Expknap
Uncorrelated120,Minknap
Uncorrelated121,Minknap
Uncorrelated122,Expknap
Uncorrelated123,Minknap
Uncorrelated124,Expknap
Uncorrelated125,Minknap
Uncorrelated126,Minknap
Uncorrelated127,Minknap
Uncorrelated128,Combo
Uncorrelated129,Minknap
Uncorrelated130,Minknap
Uncorrelated131,Minknap
Uncorrelated132,Minknap
Uncorrelated133,Minknap
Uncorrelated134,Minknap
Uncorrelated135,Combo
Uncorrelated136,Minknap
Uncorrelated137,Minknap
Uncorrelated138,Minknap
Uncorrelated139,Minknap
Uncorrelated140,Expknap
Uncorrelated141,Minknap
Uncorrelated142,Combo
Uncorrelated143,Minknap
Uncorrelated144,Minknap
Uncorrelated145,Expknap
Uncorrelated146,Minknap
Uncorrelated147,Minknap
Uncorrelated148,Minknap
Uncorrelated149,Minknap
Uncorrelated150,Minknap
Uncorrelated151,Minknap
Uncorrelated152,Expknap
Uncorrelated153,Expknap
Uncorrelated154,Minknap
Uncorrelated155,Minknap
Uncorrelated156,Expknap
Uncorrelated157,Expknap
Uncorrelated158,Combo
Uncorrelated159,Combo
Uncorrelated160,Expknap
Uncorrelated161,Expknap
Uncorrelated162,Expknap
Uncorrelated163,Minknap
Uncorrelated164,Expknap
Uncorrelated165,Expknap
Uncorrelated166,Minknap
Uncorrelated167,Expknap
Uncorrelated168,Minknap
Uncorrelated169,Expknap
Uncorrelated170,Minknap
Uncorrelated171,Minknap
Uncorrelated172,Combo
Uncorrelated173,Minknap
Uncorrelated174,Minknap
Uncorrelated175,Minknap
Uncorrelated176,Minknap
Uncorrelated177,Expknap
Uncorrelated178,Minknap
Uncorrelated179,Minknap
Uncorrelated180,Expknap
Uncorrelated181,Expknap
Uncorrelated182,Expknap
Uncorrelated183,Combo
Uncorrelated184,Expknap
Uncorrelated185,Minknap
Uncorrelated186,Expknap
Uncorrelated187,Expknap
Uncorrelated188,Expknap
Uncorrelated189,Expknap
Uncorrelated190,Combo
Uncorrelated191,Expknap
Uncorrelated192,Expknap
Uncorrelated193,Minknap
Uncorrelated194,Expknap
Uncorrelated195,Expknap
Uncorrelated196,Expknap
Uncorrelated197,Minknap
Uncorrelated198,Expknap
Uncorrelated199,Expknap
Uncorrelated200,Expknap
Weakly001,Expknap
Weakly002,Minknap
Weakly003,Minknap
Weakly004,Minknap
Weakly005,Expknap
Weakly006,Minknap
Weakly007,Minknap
Weakly008,Minknap
Weakly009,Minknap
Weakly010,Minknap
Weakly011,Minknap
Weakly012,Minknap
Weakly013,Minknap
Weakly014,Minknap
Weakly015,Minknap
Weakly016,Combo
Weakly017,Minknap
Weakly018,Combo
Weakly019,Minknap
Weakly020,Minknap
Weakly021,Combo
Weakly022,Combo
Weakly023,Expknap
Weakly024,Minknap
Weakly025,Expknap
Weakly026,Combo
Weakly027,Combo
Weakly028,Minknap
Weakly029,Minknap
Weakly030,Expknap
Weakly031,Minknap
Weakly032,Minknap
Weakly033,Minknap
Weakly034,Minknap
Weakly035,Minknap
Weakly036,Minknap
Weakly037,Minknap
Weakly038,Minknap
Weakly039,Minknap
Weakly040,Expknap
Weakly041,Combo
Weakly042,Combo
Weakly043,Expknap
Weakly044,Minknap
Weakly045,Minknap
Weakly046,Minknap
Weakly047,Combo
Weakly048,Minknap
Weakly049,Minknap
Weakly050,Minknap
Weakly051,Minknap
Weakly052,Minknap
Weakly053,Minknap
Weakly054,Minknap
Weakly055,Expknap
Weakly056,Minknap
Weakly057,Expknap
Weakly058,Minknap
Weakly059,Minknap
Weakly060,Combo
Weakly061,Minknap
Weakly062,Minknap
Weakly063,Minknap
Weakly064,Expknap
Weakly065,Minknap
Weakly066,Expknap
Weakly067,Minknap
Weakly068,Minknap
Weakly069,Minknap
Weakly070,Minknap
Weakly071,Minknap
Weakly072,Minknap
Weakly073,Minknap
Weakly074,Minknap
Weakly075,Minknap
Weakly076,Minknap
Weakly077,Combo
Weakly078,Minknap
Weakly079,Expknap
Weakly080,Expknap
Weakly081,Minknap
Weakly082,Minknap
Weakly083,Minknap
Weakly084,Minknap
Weakly085,Minknap
Weakly086,Combo
Weakly087,Minknap
Weakly088,Minknap
Weakly089,Minknap
Weakly090,Combo
Weakly091,Minknap
Weakly092,Minknap
Weakly093,Minknap
Weakly094,Minknap
Weakly095,Minknap
Weakly096,Combo
Weakly097,Minknap
Weakly098,Minknap
Weakly099,Expknap
Weakly100,Minknap
Weakly101,Minknap
Weakly102,Minknap
Weakly103,Minknap
Weakly104,Combo
Weakly105,Minknap
Weakly106,Minknap
Weakly107,Minknap
Weakly108,Combo
Weakly109,Minknap
Weakly110,Minknap
Weakly111,Minknap
Weakly112,Combo
Weakly113,Minknap
Weakly114,Minknap
Weakly115,Expknap
Weakly116,Minknap
Weakly117,Expknap
Weakly118,Minknap
Weakly119,Minknap
Weakly120,Combo
Weakly121,Combo
Weakly122,Minknap
Weakly123,Minknap
Weakly124,Minknap
Weakly125,Combo
Weakly126,Minknap
Weakly127,Minknap
Weakly128,Minknap
Weakly129,Minknap
Weakly130,Minknap
Weakly131,Combo
Weakly132,Minknap
Weakly133,Minknap
Weakly134,Minknap
Weakly135,Minknap
Weakly136,Minknap
Weakly137,Expknap
Weakly138,Expknap
Weakly139,Combo
Weakly140,Minknap
Weakly141,Minknap
Weakly142,Minknap
Weakly143,Minknap
Weakly144,Minknap
Weakly145,Minknap
Weakly146,Minknap
Weakly147,Minknap
Weakly148,Minknap
Weakly149,Combo
Weakly150,Minknap
Weakly151,Combo
Weakly152,Minknap
Weakly153,Minknap
Weakly154,Minknap
Weakly155,Minknap
Weakly156,Combo
Weakly157,Expknap
Weakly158,Minknap
Weakly159,Minknap
Weakly160,Expknap
Weakly161,Minknap
Weakly162,Minknap
Weakly163,Minknap
Weakly164,Combo
Weakly165,Expknap
Weakly166,Combo
Weakly167,Expknap
Weakly168,Minknap
Weakly169,Minknap
Weakly170,Minknap
Weakly171,Combo
Weakly172,Minknap
Weakly173,Minknap
Weakly174,Minknap
Weakly175,Minknap
Weakly176,Expknap
Weakly177,Minknap
Weakly178,Expknap
Weakly179,Expknap
Weakly180,Minknap
Weakly181,Minknap
Weakly182,Minknap
Weakly183,Combo
Weakly184,Minknap
Weakly185,Minknap
Weakly186,Minknap
Weakly187,Minknap
Weakly188,Minknap
Weakly189,Minknap
Weakly190,Minknap
Weakly191,Combo
Weakly192,Minknap
Weakly193,Expknap
Weakly194,Expknap
Weakly195,Expknap
Weakly196,Expknap
Weakly197,Expknap
Weakly198,Expknap
Weakly199,Expknap
Weakly200,Expknap
